scraped_at,Competition Name,Price (£),Total Tickets,Sold Tickets,Sold Percentage (%),Total Sold Value (£)
2026-06-22 09:35:54,WIN 2026 TAYLORMADE £7.5K MEGA BUNDLE #18,0.66,23999,268,1.0,176.88
2026-06-22 09:35:54,MAJOR INSTANT WIN – 2026 THIRD MAJOR #1,3.75,39999,9891,24.0,37091.25
2026-06-22 09:35:54,WIN A RANGE ROVER SPORT + £3K TITLEIST BUNDLE + £2K TAX FREE CASH #1,0.75,164999,27551,16.0,20663.25
2026-06-22 09:35:54,JUMBO JUNE INSTANT WIN #1,2.5,249999,51196,20.0,127990.0
2026-06-22 09:35:54,THE BIG CLEARANCE INSTANT WIN COMP – 50% OFF – £150K WORTH OF PRIZES #1,0.85,299999,158892,52.0,135058.2
2026-06-22 09:35:54,FREE TO PLAY: WIN A PLACE TO PLAY AT BLITZ GOLF LINCOLN #1,0.0,4999,180,3.0,0.0
2026-06-22 09:35:54,WIN TAYLORMADE SPIDER TOUR BLACK PUTTER #143,0.22,2999,786,26.0,172.92
2026-06-22 09:35:54,WIN 2026 VOKEY SM11 NICKEL WEDGES #41,3.33,359,83,23.0,276.39
2026-06-22 09:35:54,FREE TO PLAY: WIN A TAYLORMADE QI4D MEGA BUNDLE (BLITZ GOLF GIVEAWAY) #1,0.0,9999,1364,13.0,0.0
2026-06-22 09:35:54,WIN 2 X VIP TICKETS TO CADDY COMPS BLITZ GOLF ENGLAND SERIES – LINCOLN EVENT #4,0.0,4999,1056,21.0,0.0
2026-06-22 09:35:54,WIN 2026 TAYLORMADE QI4D DRIVER #42,3.75,329,48,14.0,180.0
2026-06-22 09:35:54,WIN 2026 PING G440 £3K MEGA BUNDLE #22,0.67,10999,1195,10.0,800.65
2026-06-22 09:35:54,"WIN 2026 TAYLORMADE QI4D WOODS (DRIVER, FW, HYBRID) #59",3.75,679,84,12.0,315.0
2026-06-22 09:35:54,WIN POWAKADDY FX1 ELECTRIC TROLLEY #118,0.33,3999,750,19.0,247.5
2026-06-22 09:35:54,WIN TAYLORMADE P790 IRONS (5-PW) #273,0.65,3599,718,20.0,466.7
2026-06-22 09:35:54,WIN NEW 2026 DRIVER #354,3.75,329,23,7.0,86.25
2026-06-22 09:35:54,WIN NEW 2026 DRIVER #353,0.33,3599,234,7.0,77.22
2026-06-22 09:35:54,WIN TAYLORMADE MG5 CHROME WEDGES #74,0.38,2999,243,8.0,92.34
2026-06-22 09:35:54,WIN 2026 FAIRWAY WOOD #94,0.75,1049,117,11.0,87.75
2026-06-22 09:35:54,WIN 2026 TAYLORMADE SPIDER TOUR X TORCHED PUTTER #6,0.25,2999,791,26.0,197.75
2026-06-22 09:35:54,WIN TAYLORMADE SPIDER 5K ZT PUTTER #77,3.75,299,28,9.0,105.0
2026-06-22 09:35:54,WIN SCOTTY CAMERON STUDIO STYLE #127,0.65,1649,70,4.0,45.5
2026-06-22 09:35:54,WIN GARMIN Z30 RANGEFINDER #6,2.65,299,27,9.0,71.55
2026-06-22 09:35:54,WIN OGIO FUSE STAND #15,0.65,799,113,14.0,73.45
2026-06-22 09:35:54,WIN 4 DOZEN PROV1 GOLF BALLS #97,0.65,799,109,14.0,70.85
2026-06-22 09:35:54,FREE TO PLAY: WIN A PLACE TO PLAY AT BLITZ GOLF LONDON #1,0.0,4999,226,5.0,0.0
2026-06-22 09:35:54,WIN 2026 PING S259 CHROME WEDGES #6,3.75,319,0,0.0,0.0
2026-06-22 09:35:54,WIN 2026 TAYLORMADE SPIDER TOUR TORCHED PUTTER #4,0.25,2999,84,3.0,21.0
2026-06-22 09:35:54,WIN 2026 TITLEIST GTS DRIVER #10,3.75,329,7,2.0,26.25
2026-06-22 09:35:54,WIN 2026 TAYLORMADE QI4D £3K BUNDLE #37,0.33,21999,709,3.0,233.97
2026-06-22 09:35:54,WIN 2026 PING G440 K WOODS BUNDLE #43,0.69,3999,65,2.0,44.85
2026-06-22 09:35:54,WIN 2026 TITLEIST SHORT GAME BUNDLE (SS) #14,3.6,599,6,1.0,21.6
2026-06-22 09:35:54,WIN TAYLORMADE P790 IRONS (5-PW) #274,0.33,7199,263,4.0,86.79
2026-06-22 09:35:54,WIN MOTOCADDY M5 GPS #2,0.33,7499,315,4.0,103.95
2026-06-22 09:35:54,WIN NEW 2026 DRIVER #357,3.75,329,4,1.0,15.0
2026-06-22 09:35:54,WIN NEW 2026 DRIVER #356,0.75,1599,3,1.0,2.25
2026-06-22 09:35:54,WIN NEW 2026 DRIVER #355,0.15,7999,72,1.0,10.8
2026-06-22 09:35:54,WIN SHOTSCOPE LM1 LAUNCH MONITOR #26,1.75,349,1,1.0,1.75
2026-06-22 09:35:54,WIN 2026 VOKEY SM11 CHROME WEDGES #39,0.55,2199,67,3.0,36.85
2026-06-22 09:35:54,WIN CUSTOM MG5 BLACKOUT WEDGES W/KBS BLACK SHAFT #30,1.55,799,1,1.0,1.55
2026-06-22 09:35:54,WIN 2026 ODYSSEY DAMASCUS MILLED #11,1.55,3099,6,1.0,9.3
2026-06-22 09:35:54,WIN L.A.B DF3 #65,3.35,329,4,1.0,13.4
2026-06-22 09:35:54,WIN SCOTTY CAMERON STUDIO STYLE #128,0.55,1999,25,1.0,13.75
2026-06-22 09:35:54,WIN TAYLORMADE P SERIES UDI #10,0.22,2199,64,2.0,14.08
2026-06-22 09:35:54,WIN GARMIN S44 GPS #101,3.25,259,13,5.0,42.25
2026-06-22 09:35:54,WIN TITLEIST PLAYERS S4 #4,0.25,1799,21,1.0,5.25
2026-06-22 09:35:54,WIN 4 DOZEN TAYLORMADE TP5X PIX #19,0.85,599,53,8.0,45.05
2026-06-22 09:35:54,WIN 2026 PING G440K DRIVER #30,3.75,339,1,1.0,3.75
2026-06-22 09:35:54,WIN 2026 VOKEY SM11 NICKEL WEDGES #42,3.33,359,1,1.0,3.33
2026-06-22 09:35:54,WIN 2026 TAYLORMADE SPIDER TOUR TORCHED PUTTER #5,0.25,2999,26,1.0,6.5
2026-06-22 09:35:54,WIN 2026 TITLEIST GTS £3K MEGA BUNDLE #8,0.85,8999,191,2.0,162.35
2026-06-22 09:35:54,WIN 2026 TAYLORMADE SHORT GAME BUNDLE #3,0.33,5499,4,1.0,1.32
2026-06-22 09:35:54,WIN NAVEE BIRDIE 3 REMOTE #26,3.75,499,6,1.0,22.5
2026-06-22 09:35:54,WIN TAYLORMADE P790 IRONS (5-PW) #275,0.22,10999,107,1.0,23.54
2026-06-22 09:35:54,WIN NEW 2026 DRIVER #359,2.75,439,0,0.0,0.0
2026-06-22 09:35:54,WIN NEW 2026 DRIVER #358,0.15,7999,36,1.0,5.4
2026-06-22 09:35:54,WIN TAYLORMADE R7 QUAD MINI DRIVER #18,3.75,249,0,0.0,0.0
2026-06-22 09:35:54,WIN TAYLORMADE MG5 CHROME WEDGES #75,0.38,2999,44,1.0,16.72
2026-06-22 09:35:54,WIN 2026 TAYLORMADE SPIDER TOUR X TORCHED PUTTER #7,0.25,2999,82,3.0,20.5
2026-06-22 09:35:54,WIN L.A.B OZ1I HS #5,2.2,529,35,7.0,77.0
2026-06-22 09:35:54,WIN SCOTTY CAMERON STUDIO STYLE #129,0.55,1999,8,1.0,4.4
2026-06-22 09:35:54,WIN 2026 FAIRWAY WOOD #95,0.75,1049,3,1.0,2.25
2026-06-22 09:35:54,WIN BUSHNELL TOUR V7 SHIFT #28,3.75,279,0,0.0,0.0
2026-06-22 09:35:54,WIN 4 DOZEN PROV1X #82,0.33,1549,45,3.0,14.85
2026-06-22 09:35:54,WIN 2026 TAYLORMADE QI4D DRIVER #43,3.75,329,0,0.0,0.0
2026-06-22 09:35:54,WIN TAYLORMADE SPIDER TOUR BLACK PUTTER #144,3.75,199,1,1.0,3.75
2026-06-22 09:35:54,WIN 2026 VOKEY SM11 CHROME WEDGES #40,0.55,2199,0,0.0,0.0
2026-06-22 09:35:54,WIN 2026 TAYLORMADE QI4D £3K BUNDLE W/P790 IRONS #2,1.75,3999,11,1.0,19.25
2026-06-22 09:35:54,WIN 2026 TITLEIST GTS WOODS BUNDLE #2,0.33,8999,34,1.0,11.22
2026-06-22 09:35:54,WIN PING SHORT GAME BUNDLE #2,3.75,429,2,1.0,7.5
2026-06-22 09:35:54,WIN 2026 CALLAWAY QUANTUM IRONS 5-PW #17,0.75,2499,5,1.0,3.75
2026-06-22 09:35:54,WIN POWAKADDY FX1 ELECTRIC TROLLEY #119,0.66,1999,3,1.0,1.98
2026-06-22 09:35:54,WIN NEW 2026 DRIVER #361,3.75,329,0,0.0,0.0
2026-06-22 09:35:54,WIN NEW 2026 DRIVER #360,0.55,2199,0,0.0,0.0
2026-06-22 09:35:54,WIN 2026 CALLAWAY QUANTUM MINI DRIVER #16,0.33,2999,6,1.0,1.98
2026-06-22 09:35:54,WIN 2026 VOKEY SM11 JET BLACK WEDGES #35,0.25,4999,20,1.0,5.0
2026-06-22 09:35:54,WIN TAYLORMADE MG5 CHROME WEDGES #76,1.65,699,0,0.0,0.0
2026-06-22 09:35:54,WIN TAYLORMADE SPIDER 5K ZT PUTTER #78,0.75,1499,23,2.0,17.25
2026-06-22 09:35:54,WIN CUSTOM L.A.B DF3 ORANGE #3,3.55,339,2,1.0,7.1
2026-06-22 09:35:54,WIN 2026 ODYSSEY AI DUAL SQ2SQ JAILBIRD #18,0.22,3299,12,1.0,2.64
2026-06-22 09:35:54,WIN TITLEIST T250 UTILITY #7,0.33,1799,4,1.0,1.32
2026-06-22 09:35:54,WIN GARMIN S50 GPS #126,3.75,249,2,1.0,7.5
2026-06-22 09:35:54,WIN GARMIN Z30 RANGEFINDER #7,2.65,299,0,0.0,0.0
2026-06-22 09:35:54,WIN CALLAWAY FAIRWAY C HD BLACK CAMO STAND #1,0.65,699,5,1.0,3.25
2026-06-22 09:35:54,WIN 4 DOZEN TAYLORMADE TP5X PIX #20,0.85,599,2,1.0,1.7
2026-06-22 09:35:54,WIN 2026 TITLEIST GTS DRIVER #11,0.39,3099,0,0.0,0.0
2026-06-22 09:35:54,WIN 2026 TAYLORMADE SPIDER TOUR X TORCHED PUTTER #8,3.75,199,1,1.0,3.75
2026-06-22 09:35:54,WIN 4 DOZEN PROV1 GOLF BALLS #98,0.65,799,2,1.0,1.3
2026-06-22 09:35:54,WIN 2026 PING G440 £3K MEGA BUNDLE #23,0.67,10999,13,1.0,8.71
2026-06-22 09:35:54,"WIN 2026 TAYLORMADE QI4D WOODS (DRIVER, FW, HYBRID) #60",0.35,6999,28,1.0,9.8
2026-06-22 09:35:54,WIN 2026 TITLEIST SHORT GAME BUNDLE #15,2.4,899,0,0.0,0.0
2026-06-22 09:35:54,WIN TAYLORMADE P790 IRONS (5-PW) #276,0.75,3199,6,1.0,4.5
2026-06-22 09:35:54,WIN NAVEE BIRDIE 3 REMOTE #27,0.22,8999,10,1.0,2.2
2026-06-22 09:35:54,WIN NEW 2026 DRIVER #364,3.75,329,0,0.0,0.0
2026-06-22 09:35:54,WIN NEW 2026 DRIVER #363,0.65,1849,0,0.0,0.0
2026-06-22 09:35:54,WIN NEW 2026 DRIVER #362,0.05,23999,92,1.0,4.6
2026-06-22 09:35:54,WIN LTD EDITION CALLAWAY QUANTIUM WORLD CUP MINI DRIVER #1,3.75,299,4,1.0,15.0
2026-06-22 09:35:54,WIN 2026 VOKEY SM11 NICKEL WEDGES #43,0.55,2199,10,1.0,5.5
2026-06-22 09:35:54,WIN 2026 PING S259 CHROME WEDGES #7,3.75,319,0,0.0,0.0
2026-06-22 09:35:54,WIN SCOTTY CAMERON STUDIO STYLE #130,0.55,1999,0,0.0,0.0
2026-06-22 09:35:54,WIN TAYLORMADE SPIDER TOUR BLACK PUTTER #145,0.22,2999,10,1.0,2.2
2026-06-22 09:35:54,WIN L.A.B DF3 #66,3.35,329,2,1.0,6.7
2026-06-22 09:35:54,WIN GARMIN S44 GPS #102,3.25,259,0,0.0,0.0
2026-06-22 09:35:54,WIN SHOTSCOPE PRO L5 RANGEFINDER #3,0.65,899,18,2.0,11.7
2026-06-22 09:35:54,WIN 2026 TAYLORMADE QI4D STAFF STAND #3,0.17,5399,31,1.0,5.27
2026-06-22 09:35:54,WIN 4 DOZEN TAYLORMADE TP5 PIX #20,0.85,599,2,1.0,1.7
2026-06-22 09:35:54,WIN 2026 TAYLORMADE SPIDER TOUR TORCHED PUTTER #6,0.25,2999,0,0.0,0.0
2026-06-22 09:35:54,WIN 2026 PING G440K DRIVER #32,3.75,339,0,0.0,0.0
2026-06-22 09:35:54,WIN 2026 VOKEY SM11 JET BLACK WEDGES #36,1.25,959,0,0.0,0.0
2026-06-22 09:35:54,WIN 2026 TITLEIST GTS £3K MEGA BUNDLE #9,0.39,18999,103,1.0,40.17
2026-06-22 09:35:54,"WIN 2026 CALLAWAY QUANTUM WOODS (DRIVER, FW, HYBRID) #21",0.17,14999,37,1.0,6.29
2026-06-22 09:35:54,WIN MOTOCADDY SE #5,0.35,3999,1,1.0,0.35
2026-06-22 09:35:54,WIN TAYLORMADE P790 IRONS (5-PW) #277,0.12,18999,13,1.0,1.56
2026-06-22 09:35:54,WIN NEW 2026 DRIVER #366,3.35,359,0,0.0,0.0
2026-06-22 09:35:54,WIN NEW 2026 DRIVER #365,0.1,11999,1,1.0,0.1
2026-06-22 09:35:54,WIN TAYLORMADE R7 QUAD MINI DRIVER #19,3.75,249,0,0.0,0.0
2026-06-22 09:35:54,WIN 2026 FAIRWAY WOOD #96,1.75,449,0,0.0,0.0
2026-06-22 09:35:54,WIN TAYLORMADE P SERIES UDI #11,0.44,1199,0,0.0,0.0
2026-06-22 09:35:54,WIN CUSTOM MG5 BLACKOUT WEDGES W/KBS BLACK SHAFT #31,3.75,329,0,0.0,0.0
2026-06-22 09:35:54,WIN CALLAWAY OPUS SP BRUSHED CHROME WEDGES #5,3.75,2499,0,0.0,0.0
2026-06-22 09:35:54,WIN TAYLORMADE SPIDER 5K ZT PUTTER #79,0.75,1499,0,0.0,0.0
2026-06-22 09:35:54,WIN SCOTTY CAMERON PHANTOM #29,3.75,299,1,1.0,3.75
2026-06-22 09:35:54,WIN BUSHNELL TOUR V7 SHIFT #29,0.37,2799,28,1.0,10.36
2026-06-22 09:35:54,WIN 2026 TAYLORMADE QI4D STAFF STAND #4,0.17,5399,0,0.0,0.0
2026-06-22 09:35:54,WIN 4 DOZEN PROV1X #83,0.75,699,0,0.0,0.0
2026-06-22 09:35:54,WIN 2026 TITLEIST SHORT GAME BLACK BUNDLE #4,2.4,899,0,0.0,0.0
2026-06-22 09:35:54,WIN 2026 PING G440 K WOODS BUNDLE #44,0.69,3999,0,0.0,0.0
2026-06-22 09:35:54,WIN LTD EDITION TAYLORMADE P790 SHADOWFALL IRONS (5-PW) #11,3.75,699,0,0.0,0.0
2026-06-22 09:35:54,WIN POWAKADDY RX REMOTE #7,0.33,6999,0,0.0,0.0
2026-06-22 09:35:54,WIN NEW 2026 DRIVER #368,3.75,329,0,0.0,0.0
2026-06-22 09:35:54,WIN NEW 2026 DRIVER #367,0.65,1849,0,0.0,0.0
2026-06-22 09:35:54,WIN LTD EDITION CALLAWAY QUANTIUM WORLD CUP MINI DRIVER #2,3.75,299,0,0.0,0.0
2026-06-22 09:35:54,WIN 2026 VOKEY SM11 CHROME WEDGES #41,0.55,2199,0,0.0,0.0
2026-06-22 09:35:54,WIN TAYLORMADE MG5 CHROME WEDGES #78,1.65,699,0,0.0,0.0
2026-06-22 09:35:54,WIN SCOTTY CAMERON STUDIO STYLE #131,0.65,1649,0,0.0,0.0
2026-06-22 09:35:54,WIN 2026 ODYSSEY DAMASCUS MILLED #12,3.75,289,0,0.0,0.0
2026-06-22 09:35:54,WIN 2026 TAYLORMADE SPIDER TOUR X TORCHED PUTTER #9,3.75,2999,0,0.0,0.0
2026-06-22 09:35:54,WIN 2026 FAIRWAY WOOD #97,0.75,1049,0,0.0,0.0
2026-06-22 09:35:54,WIN SHOTSCOPE LM1 LAUNCH MONITOR #27,1.75,349,0,0.0,0.0
2026-06-22 09:35:54,WIN 2026 CALLAWAY QUANTUM STAFF STAND #4,0.17,5399,23,1.0,3.91
2026-06-22 09:35:54,WIN 4 DOZEN PROV1 GOLF BALLS #99,0.65,799,0,0.0,0.0
2026-06-22 04:22:12,WIN 2026 TAYLORMADE £7.5K MEGA BUNDLE #18,0.66,23999,268,1.0,176.88
2026-06-22 04:22:12,MAJOR INSTANT WIN – 2026 THIRD MAJOR #1,3.75,39999,9895,25.0,37106.25
2026-06-22 04:22:12,WIN A RANGE ROVER SPORT + £3K TITLEIST BUNDLE + £2K TAX FREE CASH #1,0.75,164999,27551,17.0,20663.25
2026-06-22 04:22:12,JUMBO JUNE INSTANT WIN #1,2.5,249999,51196,20.0,127990.0
2026-06-22 04:22:12,THE BIG CLEARANCE INSTANT WIN COMP – 50% OFF – £150K WORTH OF PRIZES #1,0.85,299999,158944,53.0,135102.4
2026-06-22 04:22:12,FREE TO PLAY: WIN A PLACE TO PLAY AT BLITZ GOLF LINCOLN #1,0.0,4999,180,4.0,0.0
2026-06-22 04:22:12,WIN TAYLORMADE SPIDER TOUR BLACK PUTTER #143,0.22,2999,886,30.0,194.92
2026-06-22 04:22:12,WIN 2026 VOKEY SM11 NICKEL WEDGES #41,3.33,359,83,23.0,276.39
2026-06-22 04:22:12,FREE TO PLAY: WIN A TAYLORMADE QI4D MEGA BUNDLE (BLITZ GOLF GIVEAWAY) #1,0.0,9999,1364,14.0,0.0
2026-06-22 04:22:12,WIN 2 X VIP TICKETS TO CADDY COMPS BLITZ GOLF ENGLAND SERIES – LINCOLN EVENT #4,0.0,4999,1056,21.0,0.0
2026-06-22 04:22:12,WIN 2026 TAYLORMADE QI4D DRIVER #42,3.75,329,48,15.0,180.0
2026-06-22 04:22:12,WIN 2026 PING G440 £3K MEGA BUNDLE #22,0.67,10999,1195,11.0,800.65
2026-06-22 04:22:12,"WIN 2026 TAYLORMADE QI4D WOODS (DRIVER, FW, HYBRID) #59",3.75,679,84,12.0,315.0
2026-06-22 04:22:12,WIN POWAKADDY FX1 ELECTRIC TROLLEY #118,0.33,3999,750,19.0,247.5
2026-06-22 04:22:12,WIN TAYLORMADE P790 IRONS (5-PW) #273,0.65,3599,718,20.0,466.7
2026-06-22 04:22:12,WIN NEW 2026 DRIVER #354,3.75,329,23,7.0,86.25
2026-06-22 04:22:12,WIN NEW 2026 DRIVER #353,0.33,3599,234,7.0,77.22
2026-06-22 04:22:12,WIN TAYLORMADE MG5 CHROME WEDGES #74,0.38,2999,243,8.0,92.34
2026-06-22 04:22:12,WIN 2026 FAIRWAY WOOD #94,0.75,1049,117,11.0,87.75
2026-06-22 04:22:12,WIN 2026 TAYLORMADE SPIDER TOUR X TORCHED PUTTER #6,0.25,2999,791,26.0,197.75
2026-06-22 04:22:12,WIN TAYLORMADE SPIDER 5K ZT PUTTER #77,3.75,299,28,9.0,105.0
2026-06-22 04:22:12,WIN SCOTTY CAMERON STUDIO STYLE #127,0.65,1649,70,4.0,45.5
2026-06-22 04:22:12,WIN GARMIN Z30 RANGEFINDER #6,2.65,299,27,9.0,71.55
2026-06-22 04:22:12,WIN OGIO FUSE STAND #15,0.65,799,113,14.0,73.45
2026-06-22 04:22:12,WIN 4 DOZEN PROV1 GOLF BALLS #97,0.65,799,109,14.0,70.85
2026-06-22 04:22:12,FREE TO PLAY: WIN A PLACE TO PLAY AT BLITZ GOLF LONDON #1,0.0,4999,226,5.0,0.0
2026-06-22 04:22:12,WIN 2026 PING S259 CHROME WEDGES #6,3.75,319,0,0.0,0.0
2026-06-22 04:22:12,WIN 2026 TAYLORMADE SPIDER TOUR TORCHED PUTTER #4,0.25,2999,84,3.0,21.0
2026-06-22 04:22:12,WIN 2026 TITLEIST GTS DRIVER #10,3.75,329,7,2.0,26.25
2026-06-22 04:22:12,WIN 2026 TAYLORMADE QI4D £3K BUNDLE #37,0.33,21999,709,3.0,233.97
2026-06-22 04:22:12,WIN 2026 PING G440 K WOODS BUNDLE #43,0.69,3999,65,2.0,44.85
2026-06-22 04:22:12,WIN 2026 TITLEIST SHORT GAME BUNDLE (SS) #14,3.6,599,6,1.0,21.6
2026-06-22 04:22:12,WIN TAYLORMADE P790 IRONS (5-PW) #274,0.33,7199,263,4.0,86.79
2026-06-22 04:22:12,WIN MOTOCADDY M5 GPS #2,0.33,7499,315,4.0,103.95
2026-06-22 04:22:12,WIN NEW 2026 DRIVER #357,3.75,329,4,1.0,15.0
2026-06-22 04:22:12,WIN NEW 2026 DRIVER #356,0.75,1599,3,1.0,2.25
2026-06-22 04:22:12,WIN NEW 2026 DRIVER #355,0.15,7999,72,1.0,10.8
2026-06-22 04:22:12,WIN SHOTSCOPE LM1 LAUNCH MONITOR #26,1.75,349,1,1.0,1.75
2026-06-22 04:22:12,WIN 2026 VOKEY SM11 CHROME WEDGES #39,0.55,2199,67,3.0,36.85
2026-06-22 04:22:12,WIN CUSTOM MG5 BLACKOUT WEDGES W/KBS BLACK SHAFT #30,1.55,799,1,1.0,1.55
2026-06-22 04:22:12,WIN 2026 ODYSSEY DAMASCUS MILLED #11,1.55,3099,6,1.0,9.3
2026-06-22 04:22:12,WIN L.A.B DF3 #65,3.35,329,4,1.0,13.4
2026-06-22 04:22:12,WIN SCOTTY CAMERON STUDIO STYLE #128,0.55,1999,25,1.0,13.75
2026-06-22 04:22:12,WIN TAYLORMADE P SERIES UDI #10,0.22,2199,64,3.0,14.08
2026-06-22 04:22:12,WIN GARMIN S44 GPS #101,3.25,259,13,5.0,42.25
2026-06-22 04:22:12,WIN TITLEIST PLAYERS S4 #4,0.25,1799,21,1.0,5.25
2026-06-22 04:22:12,WIN 4 DOZEN TAYLORMADE TP5X PIX #19,0.85,599,53,9.0,45.05
2026-06-22 04:22:12,WIN 2026 PING G440K DRIVER #30,3.75,339,1,1.0,3.75
2026-06-22 04:22:12,WIN 2026 VOKEY SM11 NICKEL WEDGES #42,3.33,359,1,1.0,3.33
2026-06-22 04:22:12,WIN 2026 TAYLORMADE SPIDER TOUR TORCHED PUTTER #5,0.25,2999,26,1.0,6.5
2026-06-22 04:22:12,WIN 2026 TITLEIST GTS £3K MEGA BUNDLE #8,0.85,8999,191,2.0,162.35
2026-06-22 04:22:12,WIN 2026 TAYLORMADE SHORT GAME BUNDLE #3,0.33,5499,4,1.0,1.32
2026-06-22 04:22:12,WIN NAVEE BIRDIE 3 REMOTE #26,3.75,499,6,1.0,22.5
2026-06-22 04:22:12,WIN TAYLORMADE P790 IRONS (5-PW) #275,0.22,10999,107,1.0,23.54
2026-06-22 04:22:12,WIN NEW 2026 DRIVER #359,2.75,439,0,0.0,0.0
2026-06-22 04:22:12,WIN NEW 2026 DRIVER #358,0.15,7999,36,1.0,5.4
2026-06-22 04:22:12,WIN TAYLORMADE R7 QUAD MINI DRIVER #18,3.75,249,0,0.0,0.0
2026-06-22 04:22:12,WIN TAYLORMADE MG5 CHROME WEDGES #75,0.38,2999,44,1.0,16.72
2026-06-22 04:22:12,WIN 2026 TAYLORMADE SPIDER TOUR X TORCHED PUTTER #7,0.25,2999,82,3.0,20.5
2026-06-22 04:22:12,WIN L.A.B OZ1I HS #5,2.2,529,35,7.0,77.0
2026-06-22 04:22:12,WIN SCOTTY CAMERON STUDIO STYLE #129,0.55,1999,8,1.0,4.4
2026-06-22 04:22:12,WIN 2026 FAIRWAY WOOD #95,0.75,1049,3,1.0,2.25
2026-06-22 04:22:12,WIN BUSHNELL TOUR V7 SHIFT #28,3.75,279,0,0.0,0.0
2026-06-22 04:22:12,WIN 4 DOZEN PROV1X #82,0.33,1549,45,3.0,14.85
2026-06-22 04:22:12,WIN 2026 TAYLORMADE QI4D DRIVER #43,3.75,329,0,0.0,0.0
2026-06-22 04:22:12,WIN TAYLORMADE SPIDER TOUR BLACK PUTTER #144,3.75,199,1,1.0,3.75
2026-06-22 04:22:12,WIN 2026 VOKEY SM11 CHROME WEDGES #40,0.55,2199,0,0.0,0.0
2026-06-22 04:22:12,WIN 2026 TAYLORMADE QI4D £3K BUNDLE W/P790 IRONS #2,1.75,3999,11,1.0,19.25
2026-06-22 04:22:12,WIN 2026 TITLEIST GTS WOODS BUNDLE #2,0.33,8999,34,1.0,11.22
2026-06-22 04:22:12,WIN PING SHORT GAME BUNDLE #2,3.75,429,2,1.0,7.5
2026-06-22 04:22:12,WIN 2026 CALLAWAY QUANTUM IRONS 5-PW #17,0.75,2499,5,1.0,3.75
2026-06-22 04:22:12,WIN POWAKADDY FX1 ELECTRIC TROLLEY #119,0.66,1999,3,1.0,1.98
2026-06-22 04:22:12,WIN NEW 2026 DRIVER #361,3.75,329,0,0.0,0.0
2026-06-22 04:22:12,WIN NEW 2026 DRIVER #360,0.55,2199,0,0.0,0.0
2026-06-22 04:22:12,WIN 2026 CALLAWAY QUANTUM MINI DRIVER #16,0.33,2999,6,1.0,1.98
2026-06-22 04:22:12,WIN 2026 VOKEY SM11 JET BLACK WEDGES #35,0.25,4999,20,1.0,5.0
2026-06-22 04:22:12,WIN TAYLORMADE MG5 CHROME WEDGES #76,1.65,699,0,0.0,0.0
2026-06-22 04:22:12,WIN TAYLORMADE SPIDER 5K ZT PUTTER #78,0.75,1499,23,2.0,17.25
2026-06-22 04:22:12,WIN CUSTOM L.A.B DF3 ORANGE #3,3.55,339,2,1.0,7.1
2026-06-22 04:22:12,WIN 2026 ODYSSEY AI DUAL SQ2SQ JAILBIRD #18,0.22,3299,12,1.0,2.64
2026-06-22 04:22:12,WIN TITLEIST T250 UTILITY #7,0.33,1799,4,1.0,1.32
2026-06-22 04:22:12,WIN GARMIN S50 GPS #126,3.75,249,2,1.0,7.5
2026-06-22 04:22:12,WIN GARMIN Z30 RANGEFINDER #7,2.65,299,0,0.0,0.0
2026-06-22 04:22:12,WIN CALLAWAY FAIRWAY C HD BLACK CAMO STAND #1,0.65,699,5,1.0,3.25
2026-06-22 04:22:12,WIN 4 DOZEN TAYLORMADE TP5X PIX #20,0.85,599,2,1.0,1.7
2026-06-22 04:22:12,WIN 2026 TITLEIST GTS DRIVER #11,0.39,3099,0,0.0,0.0
2026-06-22 04:22:12,WIN 2026 TAYLORMADE SPIDER TOUR X TORCHED PUTTER #8,3.75,199,1,1.0,3.75
2026-06-22 04:22:12,WIN 4 DOZEN PROV1 GOLF BALLS #98,0.65,799,2,1.0,1.3
2026-06-22 04:22:12,WIN 2026 PING G440 £3K MEGA BUNDLE #23,0.67,10999,13,1.0,8.71
2026-06-22 04:22:12,"WIN 2026 TAYLORMADE QI4D WOODS (DRIVER, FW, HYBRID) #60",0.35,6999,28,1.0,9.8
2026-06-22 04:22:12,WIN 2026 TITLEIST SHORT GAME BUNDLE #15,2.4,899,0,0.0,0.0
2026-06-22 04:22:12,WIN TAYLORMADE P790 IRONS (5-PW) #276,0.75,3199,6,1.0,4.5
2026-06-22 04:22:12,WIN NAVEE BIRDIE 3 REMOTE #27,0.22,8999,10,1.0,2.2
2026-06-22 04:22:12,WIN NEW 2026 DRIVER #364,3.75,329,0,0.0,0.0
2026-06-22 04:22:12,WIN NEW 2026 DRIVER #363,0.65,1849,0,0.0,0.0
2026-06-22 04:22:12,WIN NEW 2026 DRIVER #362,0.05,23999,92,1.0,4.6
2026-06-22 04:22:12,WIN LTD EDITION CALLAWAY QUANTIUM WORLD CUP MINI DRIVER #1,3.75,299,4,1.0,15.0
2026-06-22 04:22:12,WIN 2026 VOKEY SM11 NICKEL WEDGES #43,0.55,2199,10,1.0,5.5
2026-06-22 04:22:12,WIN 2026 PING S259 CHROME WEDGES #7,3.75,319,0,0.0,0.0
2026-06-22 04:22:12,WIN SCOTTY CAMERON STUDIO STYLE #130,0.55,1999,0,0.0,0.0
2026-06-22 04:22:12,WIN TAYLORMADE SPIDER TOUR BLACK PUTTER #145,0.22,2999,10,1.0,2.2
2026-06-22 04:22:12,WIN L.A.B DF3 #66,3.35,329,2,1.0,6.7
2026-06-22 04:22:12,WIN GARMIN S44 GPS #102,3.25,259,0,0.0,0.0
2026-06-22 04:22:12,WIN SHOTSCOPE PRO L5 RANGEFINDER #3,0.65,899,18,2.0,11.7
2026-06-22 04:22:12,WIN 2026 TAYLORMADE QI4D STAFF STAND #3,0.17,5399,31,1.0,5.27
2026-06-22 04:22:12,WIN 4 DOZEN TAYLORMADE TP5 PIX #20,0.85,599,2,1.0,1.7
2026-06-22 04:22:12,WIN 2026 TAYLORMADE SPIDER TOUR TORCHED PUTTER #6,0.25,2999,0,0.0,0.0
2026-06-22 04:22:12,WIN 2026 PING G440K DRIVER #32,3.75,339,0,0.0,0.0
2026-06-22 04:22:12,WIN 2026 VOKEY SM11 JET BLACK WEDGES #36,1.25,959,0,0.0,0.0
2026-06-22 04:22:12,WIN 2026 TITLEIST GTS £3K MEGA BUNDLE #9,0.39,18999,103,1.0,40.17
2026-06-22 04:22:12,"WIN 2026 CALLAWAY QUANTUM WOODS (DRIVER, FW, HYBRID) #21",0.17,14999,37,1.0,6.29
2026-06-22 04:22:12,WIN MOTOCADDY SE #5,0.35,3999,1,1.0,0.35
2026-06-22 04:22:12,WIN TAYLORMADE P790 IRONS (5-PW) #277,0.12,18999,13,1.0,1.56
2026-06-22 04:22:12,WIN NEW 2026 DRIVER #366,3.35,359,0,0.0,0.0
2026-06-22 04:22:12,WIN NEW 2026 DRIVER #365,0.1,11999,1,1.0,0.1
2026-06-22 04:22:12,WIN TAYLORMADE R7 QUAD MINI DRIVER #19,3.75,249,0,0.0,0.0
2026-06-22 04:22:12,WIN 2026 FAIRWAY WOOD #96,1.75,449,0,0.0,0.0
2026-06-22 04:22:12,WIN TAYLORMADE P SERIES UDI #11,0.44,1199,0,0.0,0.0
2026-06-22 04:22:12,WIN CUSTOM MG5 BLACKOUT WEDGES W/KBS BLACK SHAFT #31,3.75,329,0,0.0,0.0
2026-06-22 04:22:12,WIN CALLAWAY OPUS SP BRUSHED CHROME WEDGES #5,3.75,2499,0,0.0,0.0
2026-06-22 04:22:12,WIN TAYLORMADE SPIDER 5K ZT PUTTER #79,0.75,1499,0,0.0,0.0
2026-06-22 04:22:12,WIN SCOTTY CAMERON PHANTOM #29,3.75,299,1,1.0,3.75
2026-06-22 04:22:12,WIN BUSHNELL TOUR V7 SHIFT #29,0.37,2799,28,1.0,10.36
2026-06-22 04:22:12,WIN 2026 TAYLORMADE QI4D STAFF STAND #4,0.17,5399,0,0.0,0.0
2026-06-22 04:22:12,WIN 4 DOZEN PROV1X #83,0.75,699,0,0.0,0.0
2026-06-22 04:22:12,WIN 2026 TITLEIST SHORT GAME BLACK BUNDLE #4,2.4,899,0,0.0,0.0
2026-06-22 04:22:12,WIN 2026 PING G440 K WOODS BUNDLE #44,0.69,3999,0,0.0,0.0
2026-06-22 04:22:12,WIN LTD EDITION TAYLORMADE P790 SHADOWFALL IRONS (5-PW) #11,3.75,699,0,0.0,0.0
2026-06-22 04:22:12,WIN POWAKADDY RX REMOTE #7,0.33,6999,0,0.0,0.0
2026-06-22 04:22:12,WIN NEW 2026 DRIVER #368,3.75,329,0,0.0,0.0
2026-06-22 04:22:12,WIN NEW 2026 DRIVER #367,0.65,1849,0,0.0,0.0
2026-06-22 04:22:12,WIN LTD EDITION CALLAWAY QUANTIUM WORLD CUP MINI DRIVER #2,3.75,299,0,0.0,0.0
2026-06-22 04:22:12,WIN 2026 VOKEY SM11 CHROME WEDGES #41,0.55,2199,0,0.0,0.0
2026-06-22 04:22:12,WIN TAYLORMADE MG5 CHROME WEDGES #78,1.65,699,0,0.0,0.0
2026-06-22 04:22:12,WIN SCOTTY CAMERON STUDIO STYLE #131,0.65,1649,0,0.0,0.0
2026-06-22 04:22:12,WIN 2026 ODYSSEY DAMASCUS MILLED #12,3.75,289,0,0.0,0.0
2026-06-22 04:22:12,WIN 2026 TAYLORMADE SPIDER TOUR X TORCHED PUTTER #9,3.75,2999,0,0.0,0.0
2026-06-22 04:22:12,WIN 2026 FAIRWAY WOOD #97,0.75,1049,0,0.0,0.0
2026-06-22 04:22:12,WIN SHOTSCOPE LM1 LAUNCH MONITOR #27,1.75,349,0,0.0,0.0
2026-06-22 04:22:12,WIN 2026 CALLAWAY QUANTUM STAFF STAND #4,0.17,5399,23,1.0,3.91
2026-06-22 04:22:12,WIN 4 DOZEN PROV1 GOLF BALLS #99,0.65,799,0,0.0,0.0
2026-06-22 05:08:36,WIN 2026 TAYLORMADE £7.5K MEGA BUNDLE #18,0.66,23999,318,1.0,209.88
2026-06-22 05:08:36,MAJOR INSTANT WIN – 2026 THIRD MAJOR #1,3.75,39999,9902,24.0,37132.5
2026-06-22 05:08:36,WIN A RANGE ROVER SPORT + £3K TITLEIST BUNDLE + £2K TAX FREE CASH #1,0.75,164999,27556,16.0,20667.0
2026-06-22 05:08:36,JUMBO JUNE INSTANT WIN #1,2.5,249999,51196,20.0,127990.0
2026-06-22 05:08:36,THE BIG CLEARANCE INSTANT WIN COMP – 50% OFF – £150K WORTH OF PRIZES #1,0.85,299999,158944,52.0,135102.4
2026-06-22 05:08:36,FREE TO PLAY: WIN A PLACE TO PLAY AT BLITZ GOLF LINCOLN #1,0.0,4999,181,3.0,0.0
2026-06-22 05:08:36,WIN TAYLORMADE SPIDER TOUR BLACK PUTTER #143,0.22,2999,946,31.0,208.12
2026-06-22 05:08:36,WIN 2026 VOKEY SM11 NICKEL WEDGES #41,3.33,359,83,23.0,276.39
2026-06-22 05:08:36,FREE TO PLAY: WIN A TAYLORMADE QI4D MEGA BUNDLE (BLITZ GOLF GIVEAWAY) #1,0.0,9999,1366,13.0,0.0
2026-06-22 05:08:36,WIN 2 X VIP TICKETS TO CADDY COMPS BLITZ GOLF ENGLAND SERIES – LINCOLN EVENT #4,0.0,4999,1056,21.0,0.0
2026-06-22 05:08:36,WIN 2026 TAYLORMADE QI4D DRIVER #42,3.75,329,48,14.0,180.0
2026-06-22 05:08:36,WIN 2026 PING G440 £3K MEGA BUNDLE #22,0.67,10999,1195,10.0,800.65
2026-06-22 05:08:36,"WIN 2026 TAYLORMADE QI4D WOODS (DRIVER, FW, HYBRID) #59",3.75,679,84,12.0,315.0
2026-06-22 05:08:36,WIN POWAKADDY FX1 ELECTRIC TROLLEY #118,0.33,3999,762,19.0,251.46
2026-06-22 05:08:36,WIN TAYLORMADE P790 IRONS (5-PW) #273,0.65,3599,740,21.0,481.0
2026-06-22 05:08:36,WIN NEW 2026 DRIVER #354,3.75,329,23,7.0,86.25
2026-06-22 05:08:36,WIN NEW 2026 DRIVER #353,0.33,3599,284,8.0,93.72
2026-06-22 05:08:36,WIN TAYLORMADE MG5 CHROME WEDGES #74,0.38,2999,243,8.0,92.34
2026-06-22 05:08:36,WIN 2026 FAIRWAY WOOD #94,0.75,1049,137,13.0,102.75
2026-06-22 05:08:36,WIN 2026 TAYLORMADE SPIDER TOUR X TORCHED PUTTER #6,0.25,2999,801,27.0,200.25
2026-06-22 05:08:36,WIN TAYLORMADE SPIDER 5K ZT PUTTER #77,3.75,299,30,10.0,112.5
2026-06-22 05:08:36,WIN SCOTTY CAMERON STUDIO STYLE #127,0.65,1649,80,5.0,52.0
2026-06-22 05:08:36,WIN GARMIN Z30 RANGEFINDER #6,2.65,299,29,10.0,76.85
2026-06-22 05:08:36,WIN OGIO FUSE STAND #15,0.65,799,113,14.0,73.45
2026-06-22 05:08:36,WIN 4 DOZEN PROV1 GOLF BALLS #97,0.65,799,109,14.0,70.85
2026-06-22 05:08:36,FREE TO PLAY: WIN A PLACE TO PLAY AT BLITZ GOLF LONDON #1,0.0,4999,226,5.0,0.0
2026-06-22 05:08:36,WIN 2026 PING S259 CHROME WEDGES #6,3.75,319,8,3.0,30.0
2026-06-22 05:08:36,WIN 2026 TAYLORMADE SPIDER TOUR TORCHED PUTTER #4,0.25,2999,84,3.0,21.0
2026-06-22 05:08:36,WIN 2026 TITLEIST GTS DRIVER #10,3.75,329,7,2.0,26.25
2026-06-22 05:08:36,WIN 2026 TAYLORMADE QI4D £3K BUNDLE #37,0.33,21999,716,3.0,236.28
2026-06-22 05:08:36,WIN 2026 PING G440 K WOODS BUNDLE #43,0.69,3999,65,2.0,44.85
2026-06-22 05:08:36,WIN 2026 TITLEIST SHORT GAME BUNDLE (SS) #14,3.6,599,6,1.0,21.6
2026-06-22 05:08:36,WIN TAYLORMADE P790 IRONS (5-PW) #274,0.33,7199,263,4.0,86.79
2026-06-22 05:08:36,WIN MOTOCADDY M5 GPS #2,0.33,7499,315,4.0,103.95
2026-06-22 05:08:36,WIN NEW 2026 DRIVER #357,3.75,329,4,1.0,15.0
2026-06-22 05:08:36,WIN NEW 2026 DRIVER #356,0.75,1599,3,1.0,2.25
2026-06-22 05:08:36,WIN NEW 2026 DRIVER #355,0.15,7999,73,1.0,10.95
2026-06-22 05:08:36,WIN SHOTSCOPE LM1 LAUNCH MONITOR #26,1.75,349,1,1.0,1.75
2026-06-22 05:08:36,WIN 2026 VOKEY SM11 CHROME WEDGES #39,0.55,2199,67,3.0,36.85
2026-06-22 05:08:36,WIN CUSTOM MG5 BLACKOUT WEDGES W/KBS BLACK SHAFT #30,1.55,799,3,1.0,4.65
2026-06-22 05:08:36,WIN 2026 ODYSSEY DAMASCUS MILLED #11,1.55,3099,6,1.0,9.3
2026-06-22 05:08:36,WIN L.A.B DF3 #65,3.35,329,4,1.0,13.4
2026-06-22 05:08:36,WIN SCOTTY CAMERON STUDIO STYLE #128,0.55,1999,25,1.0,13.75
2026-06-22 05:08:36,WIN TAYLORMADE P SERIES UDI #10,0.22,2199,64,3.0,14.08
2026-06-22 05:08:36,WIN GARMIN S44 GPS #101,3.25,259,13,5.0,42.25
2026-06-22 05:08:36,WIN TITLEIST PLAYERS S4 #4,0.25,1799,21,1.0,5.25
2026-06-22 05:08:36,WIN 4 DOZEN TAYLORMADE TP5X PIX #19,0.85,599,53,9.0,45.05
2026-06-22 05:08:36,WIN 2026 PING G440K DRIVER #30,3.75,339,1,1.0,3.75
2026-06-22 05:08:36,WIN 2026 VOKEY SM11 NICKEL WEDGES #42,3.33,359,1,1.0,3.33
2026-06-22 05:08:36,WIN 2026 TAYLORMADE SPIDER TOUR TORCHED PUTTER #5,0.25,2999,26,1.0,6.5
2026-06-22 05:08:36,WIN 2026 TITLEIST GTS £3K MEGA BUNDLE #8,0.85,8999,196,2.0,166.6
2026-06-22 05:08:36,WIN 2026 TAYLORMADE SHORT GAME BUNDLE #3,0.33,5499,4,1.0,1.32
2026-06-22 05:08:36,WIN NAVEE BIRDIE 3 REMOTE #26,3.75,499,6,1.0,22.5
2026-06-22 05:08:36,WIN TAYLORMADE P790 IRONS (5-PW) #275,0.22,10999,107,1.0,23.54
2026-06-22 05:08:36,WIN NEW 2026 DRIVER #359,2.75,439,0,0.0,0.0
2026-06-22 05:08:36,WIN NEW 2026 DRIVER #358,0.15,7999,36,1.0,5.4
2026-06-22 05:08:36,WIN TAYLORMADE R7 QUAD MINI DRIVER #18,3.75,249,0,0.0,0.0
2026-06-22 05:08:36,WIN TAYLORMADE MG5 CHROME WEDGES #75,0.38,2999,44,1.0,16.72
2026-06-22 05:08:36,WIN 2026 TAYLORMADE SPIDER TOUR X TORCHED PUTTER #7,0.25,2999,82,3.0,20.5
2026-06-22 05:08:36,WIN L.A.B OZ1I HS #5,2.2,529,35,7.0,77.0
2026-06-22 05:08:36,WIN SCOTTY CAMERON STUDIO STYLE #129,0.55,1999,8,1.0,4.4
2026-06-22 05:08:36,WIN 2026 FAIRWAY WOOD #95,0.75,1049,3,1.0,2.25
2026-06-22 05:08:36,WIN BUSHNELL TOUR V7 SHIFT #28,3.75,279,0,0.0,0.0
2026-06-22 05:08:36,WIN 4 DOZEN PROV1X #82,0.33,1549,45,3.0,14.85
2026-06-22 05:08:36,WIN 2026 TAYLORMADE QI4D DRIVER #43,3.75,329,0,0.0,0.0
2026-06-22 05:08:36,WIN TAYLORMADE SPIDER TOUR BLACK PUTTER #144,3.75,199,1,1.0,3.75
2026-06-22 05:08:36,WIN 2026 VOKEY SM11 CHROME WEDGES #40,0.55,2199,0,0.0,0.0
2026-06-22 05:08:36,WIN 2026 TAYLORMADE QI4D £3K BUNDLE W/P790 IRONS #2,1.75,3999,11,1.0,19.25
2026-06-22 05:08:36,WIN 2026 TITLEIST GTS WOODS BUNDLE #2,0.33,8999,34,1.0,11.22
2026-06-22 05:08:36,WIN PING SHORT GAME BUNDLE #2,3.75,429,2,1.0,7.5
2026-06-22 05:08:36,WIN 2026 CALLAWAY QUANTUM IRONS 5-PW #17,0.75,2499,5,1.0,3.75
2026-06-22 05:08:36,WIN POWAKADDY FX1 ELECTRIC TROLLEY #119,0.66,1999,3,1.0,1.98
2026-06-22 05:08:36,WIN NEW 2026 DRIVER #361,3.75,329,0,0.0,0.0
2026-06-22 05:08:36,WIN NEW 2026 DRIVER #360,0.55,2199,0,0.0,0.0
2026-06-22 05:08:36,WIN 2026 CALLAWAY QUANTUM MINI DRIVER #16,0.33,2999,6,1.0,1.98
2026-06-22 05:08:36,WIN 2026 VOKEY SM11 JET BLACK WEDGES #35,0.25,4999,20,1.0,5.0
2026-06-22 05:08:36,WIN TAYLORMADE MG5 CHROME WEDGES #76,1.65,699,0,0.0,0.0
2026-06-22 05:08:36,WIN TAYLORMADE SPIDER 5K ZT PUTTER #78,0.75,1499,23,2.0,17.25
2026-06-22 05:08:36,WIN CUSTOM L.A.B DF3 ORANGE #3,3.55,339,2,1.0,7.1
2026-06-22 05:08:36,WIN 2026 ODYSSEY AI DUAL SQ2SQ JAILBIRD #18,0.22,3299,12,1.0,2.64
2026-06-22 05:08:36,WIN TITLEIST T250 UTILITY #7,0.33,1799,4,1.0,1.32
2026-06-22 05:08:36,WIN GARMIN S50 GPS #126,3.75,249,2,1.0,7.5
2026-06-22 05:08:36,WIN GARMIN Z30 RANGEFINDER #7,2.65,299,0,0.0,0.0
2026-06-22 05:08:36,WIN CALLAWAY FAIRWAY C HD BLACK CAMO STAND #1,0.65,699,5,1.0,3.25
2026-06-22 05:08:36,WIN 4 DOZEN TAYLORMADE TP5X PIX #20,0.85,599,2,1.0,1.7
2026-06-22 05:08:36,WIN 2026 TITLEIST GTS DRIVER #11,0.39,3099,0,0.0,0.0
2026-06-22 05:08:36,WIN 2026 TAYLORMADE SPIDER TOUR X TORCHED PUTTER #8,3.75,199,1,1.0,3.75
2026-06-22 05:08:36,WIN 4 DOZEN PROV1 GOLF BALLS #98,0.65,799,2,1.0,1.3
2026-06-22 05:08:36,WIN 2026 PING G440 £3K MEGA BUNDLE #23,0.67,10999,13,1.0,8.71
2026-06-22 05:08:36,"WIN 2026 TAYLORMADE QI4D WOODS (DRIVER, FW, HYBRID) #60",0.35,6999,28,1.0,9.8
2026-06-22 05:08:36,WIN 2026 TITLEIST SHORT GAME BUNDLE #15,2.4,899,0,0.0,0.0
2026-06-22 05:08:36,WIN TAYLORMADE P790 IRONS (5-PW) #276,0.75,3199,6,1.0,4.5
2026-06-22 05:08:36,WIN NAVEE BIRDIE 3 REMOTE #27,0.22,8999,10,1.0,2.2
2026-06-22 05:08:36,WIN NEW 2026 DRIVER #364,3.75,329,0,0.0,0.0
2026-06-22 05:08:36,WIN NEW 2026 DRIVER #363,0.65,1849,0,0.0,0.0
2026-06-22 05:08:36,WIN NEW 2026 DRIVER #362,0.05,23999,92,1.0,4.6
2026-06-22 05:08:36,WIN LTD EDITION CALLAWAY QUANTIUM WORLD CUP MINI DRIVER #1,3.75,299,4,1.0,15.0
2026-06-22 05:08:36,WIN 2026 VOKEY SM11 NICKEL WEDGES #43,0.55,2199,10,1.0,5.5
2026-06-22 05:08:36,WIN 2026 PING S259 CHROME WEDGES #7,3.75,319,0,0.0,0.0
2026-06-22 05:08:36,WIN SCOTTY CAMERON STUDIO STYLE #130,0.55,1999,0,0.0,0.0
2026-06-22 05:08:36,WIN TAYLORMADE SPIDER TOUR BLACK PUTTER #145,0.22,2999,10,1.0,2.2
2026-06-22 05:08:36,WIN L.A.B DF3 #66,3.35,329,2,1.0,6.7
2026-06-22 05:08:36,WIN GARMIN S44 GPS #102,3.25,259,0,0.0,0.0
2026-06-22 05:08:36,WIN SHOTSCOPE PRO L5 RANGEFINDER #3,0.65,899,18,2.0,11.7
2026-06-22 05:08:36,WIN 2026 TAYLORMADE QI4D STAFF STAND #3,0.17,5399,31,1.0,5.27
2026-06-22 05:08:36,WIN 4 DOZEN TAYLORMADE TP5 PIX #20,0.85,599,2,1.0,1.7
2026-06-22 05:08:36,WIN 2026 TAYLORMADE SPIDER TOUR TORCHED PUTTER #6,0.25,2999,0,0.0,0.0
2026-06-22 05:08:36,WIN 2026 PING G440K DRIVER #32,3.75,339,0,0.0,0.0
2026-06-22 05:08:36,WIN 2026 VOKEY SM11 JET BLACK WEDGES #36,1.25,959,0,0.0,0.0
2026-06-22 05:08:36,WIN 2026 TITLEIST GTS £3K MEGA BUNDLE #9,0.39,18999,103,1.0,40.17
2026-06-22 05:08:36,"WIN 2026 CALLAWAY QUANTUM WOODS (DRIVER, FW, HYBRID) #21",0.17,14999,37,1.0,6.29
2026-06-22 05:08:36,WIN MOTOCADDY SE #5,0.35,3999,1,1.0,0.35
2026-06-22 05:08:36,WIN TAYLORMADE P790 IRONS (5-PW) #277,0.12,18999,13,1.0,1.56
2026-06-22 05:08:36,WIN NEW 2026 DRIVER #366,3.35,359,0,0.0,0.0
2026-06-22 05:08:36,WIN NEW 2026 DRIVER #365,0.1,11999,1,1.0,0.1
2026-06-22 05:08:36,WIN TAYLORMADE R7 QUAD MINI DRIVER #19,3.75,249,0,0.0,0.0
2026-06-22 05:08:36,WIN 2026 FAIRWAY WOOD #96,1.75,449,0,0.0,0.0
2026-06-22 05:08:36,WIN TAYLORMADE P SERIES UDI #11,0.44,1199,0,0.0,0.0
2026-06-22 05:08:36,WIN CUSTOM MG5 BLACKOUT WEDGES W/KBS BLACK SHAFT #31,3.75,329,0,0.0,0.0
2026-06-22 05:08:36,WIN CALLAWAY OPUS SP BRUSHED CHROME WEDGES #5,3.75,2499,0,0.0,0.0
2026-06-22 05:08:36,WIN TAYLORMADE SPIDER 5K ZT PUTTER #79,0.75,1499,0,0.0,0.0
2026-06-22 05:08:36,WIN SCOTTY CAMERON PHANTOM #29,3.75,299,1,1.0,3.75
2026-06-22 05:08:36,WIN BUSHNELL TOUR V7 SHIFT #29,0.37,2799,28,1.0,10.36
2026-06-22 05:08:36,WIN 2026 TAYLORMADE QI4D STAFF STAND #4,0.17,5399,0,0.0,0.0
2026-06-22 05:08:36,WIN 4 DOZEN PROV1X #83,0.75,699,0,0.0,0.0
2026-06-22 05:08:36,WIN 2026 TITLEIST SHORT GAME BLACK BUNDLE #4,2.4,899,0,0.0,0.0
2026-06-22 05:08:36,WIN 2026 PING G440 K WOODS BUNDLE #44,0.69,3999,0,0.0,0.0
2026-06-22 05:08:36,WIN LTD EDITION TAYLORMADE P790 SHADOWFALL IRONS (5-PW) #11,3.75,699,0,0.0,0.0
2026-06-22 05:08:36,WIN POWAKADDY RX REMOTE #7,0.33,6999,0,0.0,0.0
2026-06-22 05:08:36,WIN NEW 2026 DRIVER #368,3.75,329,0,0.0,0.0
2026-06-22 05:08:36,WIN NEW 2026 DRIVER #367,0.65,1849,0,0.0,0.0
2026-06-22 05:08:36,WIN LTD EDITION CALLAWAY QUANTIUM WORLD CUP MINI DRIVER #2,3.75,299,0,0.0,0.0
2026-06-22 05:08:36,WIN 2026 VOKEY SM11 CHROME WEDGES #41,0.55,2199,0,0.0,0.0
2026-06-22 05:08:36,WIN TAYLORMADE MG5 CHROME WEDGES #78,1.65,699,0,0.0,0.0
2026-06-22 05:08:36,WIN SCOTTY CAMERON STUDIO STYLE #131,0.65,1649,0,0.0,0.0
2026-06-22 05:08:36,WIN 2026 ODYSSEY DAMASCUS MILLED #12,3.75,289,0,0.0,0.0
2026-06-22 05:08:36,WIN 2026 TAYLORMADE SPIDER TOUR X TORCHED PUTTER #9,3.75,2999,0,0.0,0.0
2026-06-22 05:08:36,WIN 2026 FAIRWAY WOOD #97,0.75,1049,0,0.0,0.0
2026-06-22 05:08:36,WIN SHOTSCOPE LM1 LAUNCH MONITOR #27,1.75,349,0,0.0,0.0
2026-06-22 05:08:36,WIN 2026 CALLAWAY QUANTUM STAFF STAND #4,0.17,5399,23,1.0,3.91
2026-06-22 05:08:36,WIN 4 DOZEN PROV1 GOLF BALLS #99,0.65,799,0,0.0,0.0
2026-06-24 21:19:23,"PHIL’S FLIP & WIN – 35,000 INSTANT WINS WORTH OVER £250K #1",7.5,70000,1677,2.0,12577.5
2026-06-24 21:19:23,WIN A RANGE ROVER SPORT + £3K TITLEIST BUNDLE + £2K TAX FREE CASH #1,0.75,164999,31934,19.0,23950.5
2026-06-24 21:19:23,JUMBO JUNE INSTANT WIN #1,2.5,249999,55594,22.0,138985.0
2026-06-24 21:19:23,THE BIG CLEARANCE INSTANT WIN COMP – 50% OFF – £150K WORTH OF PRIZES #1,0.85,299999,179253,60.0,152365.05
2026-06-24 21:19:23,WIN 2026 TAYLORMADE £7.5K MEGA BUNDLE #18,0.66,23999,1333,6.0,879.78
2026-06-24 21:19:23,WIN 2026 TAYLORMADE QI4D DRIVER #43,3.75,329,68,21.0,255.0
2026-06-24 21:19:23,WIN TAYLORMADE SPIDER TOUR BLACK PUTTER #144,3.75,199,50,25.0,187.5
2026-06-24 21:19:23,WIN 2026 VOKEY SM11 CHROME WEDGES #40,0.55,2199,685,31.0,376.75
2026-06-24 21:19:23,WIN 2026 TAYLORMADE QI4D £3K BUNDLE W/P790 IRONS #2,1.75,3999,287,7.0,502.25
2026-06-24 21:19:23,WIN 2026 TITLEIST GTS WOODS BUNDLE #2,0.33,8999,1200,13.0,396.0
2026-06-24 21:19:23,WIN PING SHORT GAME BUNDLE #2,3.75,429,8,2.0,30.0
2026-06-24 21:19:23,WIN 2026 CALLAWAY QUANTUM IRONS 5-PW #17,0.75,2499,403,16.0,302.25
2026-06-24 21:19:23,WIN POWAKADDY FX1 ELECTRIC TROLLEY #119,0.66,1999,296,15.0,195.36
2026-06-24 21:19:23,WIN NEW 2026 DRIVER #361,3.75,329,25,8.0,93.75
2026-06-24 21:19:23,WIN NEW 2026 DRIVER #360,0.55,2199,143,7.0,78.65
2026-06-24 21:19:23,WIN 2026 CALLAWAY QUANTUM MINI DRIVER #16,0.33,2999,176,6.0,58.08
2026-06-24 21:19:23,WIN 2026 VOKEY SM11 JET BLACK WEDGES #35,0.25,4999,443,9.0,110.75
2026-06-24 21:19:23,WIN TAYLORMADE MG5 CHROME WEDGES #76,1.65,699,25,4.0,41.25
2026-06-24 21:19:23,WIN TAYLORMADE SPIDER 5K ZT PUTTER #78,0.75,1499,182,12.0,136.5
2026-06-24 21:19:23,WIN CUSTOM L.A.B DF3 ORANGE #3,3.55,339,21,6.0,74.55
2026-06-24 21:19:23,WIN 2026 ODYSSEY AI DUAL SQ2SQ JAILBIRD #18,0.22,3299,180,5.0,39.6
2026-06-24 21:19:23,WIN TITLEIST T250 UTILITY #7,0.33,1799,150,8.0,49.5
2026-06-24 21:19:23,WIN GARMIN S50 GPS #126,3.75,249,33,13.0,123.75
2026-06-24 21:19:23,WIN GARMIN Z30 RANGEFINDER #7,2.65,299,11,4.0,29.15
2026-06-24 21:19:23,WIN CALLAWAY FAIRWAY C HD BLACK CAMO STAND #1,0.65,699,12,2.0,7.8
2026-06-24 21:19:23,WIN 4 DOZEN TAYLORMADE TP5X PIX #20,0.85,599,66,11.0,56.1
2026-06-24 21:19:23,WIN 2026 TITLEIST GTS DRIVER #11,0.39,3099,18,1.0,7.02
2026-06-24 21:19:23,WIN 2026 TAYLORMADE SPIDER TOUR X TORCHED PUTTER #8,3.75,199,3,2.0,11.25
2026-06-24 21:19:23,WIN 4 DOZEN PROV1 GOLF BALLS #98,0.65,799,13,2.0,8.45
2026-06-24 21:19:23,FREE TO PLAY: WIN A TAYLORMADE QI4D MEGA BUNDLE (BLITZ GOLF GIVEAWAY) #1,0.0,9999,1814,18.0,0.0
2026-06-24 21:19:23,WIN 2026 PING G440 £3K MEGA BUNDLE #23,0.67,10999,238,2.0,159.46
2026-06-24 21:19:23,"WIN 2026 TAYLORMADE QI4D WOODS (DRIVER, FW, HYBRID) #60",0.35,6999,116,2.0,40.6
2026-06-24 21:19:23,WIN 2026 TITLEIST SHORT GAME BUNDLE #15,2.4,899,2,1.0,4.8
2026-06-24 21:19:23,WIN TAYLORMADE P790 IRONS (5-PW) #276,0.75,3199,142,4.0,106.5
2026-06-24 21:19:23,WIN NAVEE BIRDIE 3 REMOTE #27,0.22,8999,101,1.0,22.22
2026-06-24 21:19:23,WIN NEW 2026 DRIVER #364,3.75,329,1,1.0,3.75
2026-06-24 21:19:23,WIN NEW 2026 DRIVER #363,0.65,1849,9,1.0,5.85
2026-06-24 21:19:23,WIN NEW 2026 DRIVER #362,0.05,23999,507,2.0,25.35
2026-06-24 21:19:23,WIN LTD EDITION CALLAWAY QUANTIUM WORLD CUP MINI DRIVER #1,3.75,299,4,1.0,15.0
2026-06-24 21:19:23,WIN 2026 VOKEY SM11 NICKEL WEDGES #43,0.55,2199,37,2.0,20.35
2026-06-24 21:19:23,WIN 2026 PING S259 CHROME WEDGES #7,3.75,319,1,1.0,3.75
2026-06-24 21:19:23,WIN SCOTTY CAMERON STUDIO STYLE #130,0.55,1999,29,1.0,15.95
2026-06-24 21:19:23,WIN TAYLORMADE SPIDER TOUR BLACK PUTTER #145,0.22,2999,82,3.0,18.04
2026-06-24 21:19:23,WIN L.A.B DF3 #66,3.35,329,3,1.0,10.05
2026-06-24 21:19:23,WIN GARMIN S44 GPS #102,3.25,259,2,1.0,6.5
2026-06-24 21:19:23,WIN SHOTSCOPE PRO L5 RANGEFINDER #3,0.65,899,41,5.0,26.65
2026-06-24 21:19:23,WIN 2026 TAYLORMADE QI4D STAFF STAND #3,0.17,5399,404,7.0,68.68
2026-06-24 21:19:23,WIN 4 DOZEN TAYLORMADE TP5 PIX #20,0.85,599,12,2.0,10.2
2026-06-24 21:19:23,WIN 1000 TICKETS INTO RANGE ROVER COMP #1,0.45,1699,323,19.0,145.35
2026-06-24 21:19:23,WIN 2026 TAYLORMADE SPIDER TOUR TORCHED PUTTER #6,0.25,2999,42,1.0,10.5
2026-06-24 21:19:23,WIN 2026 PING G440K DRIVER #32,3.75,339,0,0.0,0.0
2026-06-24 21:19:23,WIN 2026 VOKEY SM11 JET BLACK WEDGES #36,1.25,959,15,2.0,18.75
2026-06-24 21:19:23,WIN 2026 TITLEIST GTS £3K MEGA BUNDLE #9,0.39,18999,198,1.0,77.22
2026-06-24 21:19:23,"WIN 2026 CALLAWAY QUANTUM WOODS (DRIVER, FW, HYBRID) #21",0.17,14999,160,1.0,27.2
2026-06-24 21:19:23,WIN MOTOCADDY SE #5,0.35,3999,56,1.0,19.6
2026-06-24 21:19:23,WIN TAYLORMADE P790 IRONS (5-PW) #277,0.12,18999,187,1.0,22.44
2026-06-24 21:19:23,WIN NEW 2026 DRIVER #366,3.35,359,0,0.0,0.0
2026-06-24 21:19:23,WIN NEW 2026 DRIVER #365,0.1,11999,39,1.0,3.9
2026-06-24 21:19:23,WIN TAYLORMADE R7 QUAD MINI DRIVER #19,3.75,249,6,2.0,22.5
2026-06-24 21:19:23,WIN 2026 FAIRWAY WOOD #96,1.75,449,0,0.0,0.0
2026-06-24 21:19:23,WIN TAYLORMADE P SERIES UDI #11,0.44,1199,141,12.0,62.04
2026-06-24 21:19:23,WIN CUSTOM MG5 BLACKOUT WEDGES W/KBS BLACK SHAFT #31,3.75,329,2,1.0,7.5
2026-06-24 21:19:23,WIN CALLAWAY OPUS SP BRUSHED CHROME WEDGES #5,3.75,2499,0,0.0,0.0
2026-06-24 21:19:23,WIN TAYLORMADE SPIDER 5K ZT PUTTER #79,0.75,1499,0,0.0,0.0
2026-06-24 21:19:23,WIN SCOTTY CAMERON PHANTOM #29,3.75,299,2,1.0,7.5
2026-06-24 21:19:23,WIN BUSHNELL TOUR V7 SHIFT #29,0.37,2799,58,2.0,21.46
2026-06-24 21:19:23,WIN 2026 TAYLORMADE QI4D STAFF STAND #4,0.17,5399,15,1.0,2.55
2026-06-24 21:19:23,WIN 4 DOZEN PROV1X #83,0.75,699,5,1.0,3.75
2026-06-24 21:19:23,WIN 1000 TICKETS INTO RANGE ROVER COMP #2,1.79,429,90,21.0,161.1
2026-06-24 21:19:23,WIN 2026 TITLEIST SHORT GAME BLACK BUNDLE #4,2.4,899,2,1.0,4.8
2026-06-24 21:19:23,WIN 2026 PING G440 K WOODS BUNDLE #44,0.69,3999,15,1.0,10.35
2026-06-24 21:19:23,WIN LTD EDITION TAYLORMADE P790 SHADOWFALL IRONS (5-PW) #11,3.75,699,4,1.0,15.0
2026-06-24 21:19:23,WIN POWAKADDY RX REMOTE #7,0.33,6999,174,2.0,57.42
2026-06-24 21:19:23,WIN NEW 2026 DRIVER #368,3.75,329,0,0.0,0.0
2026-06-24 21:19:23,WIN NEW 2026 DRIVER #367,0.65,1849,0,0.0,0.0
2026-06-24 21:19:23,WIN LTD EDITION CALLAWAY QUANTIUM WORLD CUP MINI DRIVER #2,3.75,299,0,0.0,0.0
2026-06-24 21:19:23,WIN 2026 VOKEY SM11 CHROME WEDGES #41,0.55,2199,9,1.0,4.95
2026-06-24 21:19:23,WIN TAYLORMADE MG5 CHROME WEDGES #78,1.65,699,2,1.0,3.3
2026-06-24 21:19:23,WIN SCOTTY CAMERON STUDIO STYLE #131,0.65,1649,0,0.0,0.0
2026-06-24 21:19:23,WIN 2026 ODYSSEY DAMASCUS MILLED #12,3.75,289,0,0.0,0.0
2026-06-24 21:19:23,WIN 2026 TAYLORMADE SPIDER TOUR X TORCHED PUTTER #9,3.75,2999,0,0.0,0.0
2026-06-24 21:19:23,WIN 2026 FAIRWAY WOOD #97,0.75,1049,5,1.0,3.75
2026-06-24 21:19:23,WIN SHOTSCOPE LM1 LAUNCH MONITOR #27,1.75,349,4,1.0,7.0
2026-06-24 21:19:23,WIN 2026 CALLAWAY QUANTUM STAFF STAND #4,0.17,5399,26,1.0,4.42
2026-06-24 21:19:23,WIN 4 DOZEN PROV1 GOLF BALLS #99,0.65,799,5,1.0,3.25
2026-06-24 21:19:23,WIN 2026 TAYLORMADE SPIDER TOUR TORCHED PUTTER #7,3.75,199,0,0.0,0.0
2026-06-24 21:19:23,WIN 2026 VOKEY SM11 NICKEL WEDGES #44,0.55,2199,1,1.0,0.55
2026-06-24 21:19:23,WIN 2026 TAYLORMADE QI4D DRIVER #44,0.75,1599,7,1.0,5.25
2026-06-24 21:19:23,WIN 2026 PING G440 £3K MEGA BUNDLE #24,0.67,10999,17,1.0,11.39
2026-06-24 21:19:23,"WIN 2026 TAYLORMADE QI4D WOODS (DRIVER, FW, HYBRID) #61",3.5,699,10,1.0,35.0
2026-06-24 21:19:23,WIN NAVEE BIRDIE 3 REMOTE #28,0.22,8999,47,1.0,10.34
2026-06-24 21:19:23,WIN TAYLORMADE P790 IRONS (5-PW) #278,1.2,1899,2,1.0,2.4
2026-06-24 21:19:23,WIN NEW 2026 DRIVER #370,2.55,469,0,0.0,0.0
2026-06-24 21:19:23,WIN NEW 2026 DRIVER #369,0.65,1849,0,0.0,0.0
2026-06-24 21:19:23,WIN CUSTOM MG5 BLACKOUT WEDGES W/KBS BLACK SHAFT #32,3.75,329,0,0.0,0.0
2026-06-24 21:19:23,WIN 2026 HYBRID #75,0.22,2999,25,1.0,5.5
2026-06-24 21:19:23,WIN 2026 TAYLORMADE SPIDER TOUR X TORCHED PUTTER #10,0.25,2999,6,1.0,1.5
2026-06-24 21:19:23,WIN SCOTTY CAMERON PHANTOM #30,3.75,299,1,1.0,3.75
2026-06-24 21:19:23,WIN SHOTSCOPE PRO L5 RANGEFINDER #4,0.65,899,0,0.0,0.0
2026-06-24 21:19:23,WIN 2026 CALLAWAY QUANTUM MINI DRIVER #17,0.33,2999,0,0.0,0.0
2026-06-24 21:19:23,WIN 4 DOZEN TAYLORMADE TP5 PIX #21,0.85,599,14,2.0,11.9
2026-06-24 21:19:23,WIN CALLAWAY OPUS SP BRUSHED CHROME WEDGES #6,0.45,2499,0,0.0,0.0
2026-06-24 21:19:23,WIN 2026 TAYLORMADE SPIDER TOUR X TORCHED PUTTER #11,2.5,299,0,0.0,0.0
2026-06-24 21:19:23,WIN 2026 TITLEIST GTS DRIVER #12,0.39,3099,0,0.0,0.0
2026-06-24 21:19:23,WIN 2026 TAYLORMADE QI4D £3K BUNDLE W/P790 IRONS #3,3.75,1899,10,1.0,37.5
2026-06-24 21:19:23,WIN 2026 TITLEIST GTS WOODS BUNDLE #3,0.33,8999,1,1.0,0.33
2026-06-24 21:19:23,WIN PING SHORT GAME BUNDLE #3,0.66,2499,0,0.0,0.0
2026-06-24 21:19:23,WIN TITLEIST T SERIES IRONS 5-PW #55,0.12,19999,419,2.0,50.28
2026-06-24 21:19:23,WIN POWAKADDY FX1 ELECTRIC TROLLEY #120,0.66,1999,0,0.0,0.0
2026-06-24 21:19:23,WIN NEW 2026 DRIVER #373,2.55,469,0,0.0,0.0
2026-06-24 21:19:23,WIN NEW 2026 DRIVER #372,0.65,1849,0,0.0,0.0
2026-06-24 21:19:23,WIN NEW 2026 DRIVER #371,0.1,11999,10,1.0,1.0
2026-06-24 21:19:23,WIN SHOTSCOPE LM1 LAUNCH MONITOR #28,3.75,159,2,1.0,7.5
2026-06-24 21:19:23,WIN 2026 VOKEY SM11 JET BLACK WEDGES #37,1.72,699,0,0.0,0.0
2026-06-24 21:19:23,WIN TAYLORMADE MG5 CHROME WEDGES #79,0.17,6599,3,1.0,0.51
2026-06-24 21:19:23,WIN 2026 TAYLORMADE SPIDER TOUR TORCHED PUTTER #8,0.25,2999,0,0.0,0.0
2026-06-24 21:19:23,WIN TAYLORMADE SPIDER 5K ZT PUTTER #80,0.75,1499,1,1.0,0.75
2026-06-24 21:19:23,WIN 2026 LAB VZN.1I PUTTER #1,3.75,329,1,1.0,3.75
2026-06-24 21:19:23,WIN TAYLORMADE P SERIES UDI #12,0.44,1199,0,0.0,0.0
2026-06-24 21:19:23,WIN GARMIN S44 GPS #103,3.25,259,3,1.0,9.75
2026-06-24 21:19:23,WIN GARMIN Z30 RANGEFINDER #8,0.33,2499,1,1.0,0.33
2026-06-24 21:19:23,WIN 4 DOZEN PROV1X #84,0.75,699,0,0.0,0.0
2026-06-24 21:19:23,WIN SCOTTY CAMERON STUDIO STYLE #133,0.35,1649,0,0.0,0.0
2026-06-24 21:19:23,WIN 2026 PING G440K DRIVER #33,3.75,339,0,0.0,0.0
2026-06-24 21:19:23,WIN TAYLORMADE MG5 CHROME WEDGES #82,0.35,6599,0,0.0,0.0
2026-06-24 21:19:23,WIN 2026 TAYLORMADE SPIDER TOUR TORCHED PUTTER #9,0.25,2999,0,0.0,0.0
2026-06-24 21:19:23,WIN 2026 TITLEIST GTS £3K MEGA BUNDLE #10,0.79,8999,0,0.0,0.0
2026-06-24 21:19:23,"WIN 2026 TAYLORMADE QI4D WOODS (DRIVER, FW, HYBRID) #62",0.35,6999,0,0.0,0.0
2026-06-24 21:19:23,WIN MOTOCADDY M5 GPS #3,3.3,749,0,0.0,0.0
2026-06-24 21:19:23,WIN TAYLORMADE P790 IRONS (5-PW) #279,0.12,18999,0,0.0,0.0
2026-06-24 21:19:23,WIN NEW 2026 DRIVER #375,2.55,469,0,0.0,0.0
2026-06-24 21:19:23,WIN NEW 2026 DRIVER #374,0.65,1849,0,0.0,0.0
2026-06-24 21:19:23,WIN 2026 CALLAWAY QUANTUM MINI DRIVER #18,0.15,6999,0,0.0,0.0
2026-06-24 21:19:23,WIN CUSTOM MG5 BLACKOUT WEDGES W/KBS BLACK SHAFT #33,3.75,299,0,0.0,0.0
2026-06-24 21:19:23,WIN 2026 VOKEY SM11 CHROME WEDGES #42,0.55,2199,0,0.0,0.0
2026-06-24 21:19:23,WIN L.A.B OZ1I HS #6,2.2,529,0,0.0,0.0
2026-06-24 21:19:23,WIN 2026 TAYLORMADE SPIDER TOUR X TORCHED PUTTER #12,0.65,1149,0,0.0,0.0
2026-06-24 21:19:23,WIN 2026 FAIRWAY WOOD #98,0.75,1049,0,0.0,0.0
2026-06-24 21:19:23,WIN GARMIN S44 GPS #104,3.25,259,0,0.0,0.0
2026-06-24 21:19:23,WIN 4 DOZEN PROV1 GOLF BALLS #100,0.85,549,0,0.0,0.0
2026-06-28 20:56:20,"WIN ASTON MARTIN DB11 4.0 V8 OR £70,000 TAX FREE CASH #1",0.79,205999,443,1.0,349.97
2026-06-28 20:56:20,FREE TO PLAY: WIN A TAYLORMADE QI4D MEGA BUNDLE (BLITZ GOLF GIVEAWAY) #1,0.0,9999,2785,28.0,0.0
2026-06-28 20:56:20,THE BIG CLEARANCE INSTANT WIN COMP – 50% OFF – £150K WORTH OF PRIZES #1,0.85,299999,211431,70.0,179716.35
2026-06-28 20:56:20,JUMBO JUNE INSTANT WIN #1,2.5,249999,65904,26.0,164760.0
2026-06-28 20:56:20,"PHIL’S FLIP & WIN – 35,000 INSTANT WINS WORTH OVER £250K #1",7.5,70000,4244,6.0,31830.0
2026-06-28 20:56:20,WIN 2026 TAYLORMADE SPIDER TOUR TORCHED PUTTER #7,3.75,199,66,33.0,247.5
2026-06-28 20:56:20,WIN 2026 VOKEY SM11 NICKEL WEDGES #44,0.55,2199,279,13.0,153.45
2026-06-28 20:56:20,WIN 2026 TAYLORMADE QI4D DRIVER #44,0.75,1599,223,14.0,167.25
2026-06-28 20:56:20,WIN 2026 PING G440 £3K MEGA BUNDLE #24,0.67,10999,808,7.0,541.36
2026-06-28 20:56:20,"WIN 2026 TAYLORMADE QI4D WOODS (DRIVER, FW, HYBRID) #61",3.5,699,51,7.0,178.5
2026-06-28 20:56:20,WIN NAVEE BIRDIE 3 REMOTE #28,0.22,8999,1919,21.0,422.18
2026-06-28 20:56:20,WIN TAYLORMADE P790 IRONS (5-PW) #278,1.2,1899,226,12.0,271.2
2026-06-28 20:56:20,WIN NEW 2026 DRIVER #370,2.55,469,7,1.0,17.85
2026-06-28 20:56:20,WIN NEW 2026 DRIVER #369,0.65,1849,158,9.0,102.7
2026-06-28 20:56:20,WIN CUSTOM MG5 BLACKOUT WEDGES W/KBS BLACK SHAFT #32,3.75,329,19,6.0,71.25
2026-06-28 20:56:20,WIN 2026 HYBRID #75,0.22,2999,469,16.0,103.18
2026-06-28 20:56:20,WIN 2026 TAYLORMADE SPIDER TOUR X TORCHED PUTTER #10,0.25,2999,591,20.0,147.75
2026-06-28 20:56:20,WIN SCOTTY CAMERON PHANTOM #30,3.75,299,8,3.0,30.0
2026-06-28 20:56:20,WIN SHOTSCOPE PRO L5 RANGEFINDER #4,0.65,899,53,6.0,34.45
2026-06-28 20:56:20,WIN 2026 CALLAWAY QUANTUM MINI DRIVER #17,0.33,2999,74,2.0,24.42
2026-06-28 20:56:20,WIN 4 DOZEN TAYLORMADE TP5 PIX #21,0.85,599,48,8.0,40.8
2026-06-28 20:56:20,WIN CALLAWAY OPUS SP BRUSHED CHROME WEDGES #6,0.45,2499,38,2.0,17.1
2026-06-28 20:56:20,WIN 2026 TAYLORMADE SPIDER TOUR X TORCHED PUTTER #11,2.5,299,29,10.0,72.5
2026-06-28 20:56:20,WIN 2026 TITLEIST GTS DRIVER #12,0.39,3099,53,2.0,20.67
2026-06-28 20:56:20,WIN 2026 TAYLORMADE QI4D £3K BUNDLE W/P790 IRONS #3,3.75,1899,18,1.0,67.5
2026-06-28 20:56:20,WIN 2026 TITLEIST GTS WOODS BUNDLE #3,0.33,8999,329,4.0,108.57
2026-06-28 20:56:20,WIN PING SHORT GAME BUNDLE #3,0.66,2499,43,2.0,28.38
2026-06-28 20:56:20,WIN TITLEIST T SERIES IRONS 5-PW #55,0.12,19999,2251,11.0,270.12
2026-06-28 20:56:20,WIN POWAKADDY FX1 ELECTRIC TROLLEY #120,0.66,1999,134,7.0,88.44
2026-06-28 20:56:20,WIN NEW 2026 DRIVER #373,2.55,469,0,0.0,0.0
2026-06-28 20:56:20,WIN NEW 2026 DRIVER #372,0.65,1849,3,1.0,1.95
2026-06-28 20:56:20,WIN NEW 2026 DRIVER #371,0.1,11999,472,4.0,47.2
2026-06-28 20:56:20,WIN SHOTSCOPE LM1 LAUNCH MONITOR #28,3.75,159,15,9.0,56.25
2026-06-28 20:56:20,WIN 2026 VOKEY SM11 JET BLACK WEDGES #37,1.72,699,5,1.0,8.6
2026-06-28 20:56:20,WIN TAYLORMADE MG5 CHROME WEDGES #79,0.17,6599,89,1.0,15.13
2026-06-28 20:56:20,WIN 2026 TAYLORMADE SPIDER TOUR TORCHED PUTTER #8,0.25,2999,196,7.0,49.0
2026-06-28 20:56:20,WIN TAYLORMADE SPIDER 5K ZT PUTTER #80,0.75,1499,23,2.0,17.25
2026-06-28 20:56:20,WIN 2026 LAB VZN.1I PUTTER #1,3.75,329,13,4.0,48.75
2026-06-28 20:56:20,WIN TAYLORMADE P SERIES UDI #12,0.44,1199,34,3.0,14.96
2026-06-28 20:56:20,WIN GARMIN S44 GPS #103,3.25,259,26,10.0,84.5
2026-06-28 20:56:20,WIN GARMIN Z30 RANGEFINDER #8,0.33,2499,18,1.0,5.94
2026-06-28 20:56:20,WIN 4 DOZEN PROV1X #84,0.75,699,45,6.0,33.75
2026-06-28 20:56:20,WIN SCOTTY CAMERON STUDIO STYLE #133,0.35,1649,64,4.0,22.4
2026-06-28 20:56:20,WIN 2026 PING G440K DRIVER #33,3.75,339,2,1.0,7.5
2026-06-28 20:56:20,WIN TAYLORMADE MG5 CHROME WEDGES #82,0.35,6599,66,1.0,23.1
2026-06-28 20:56:20,WIN 2026 TAYLORMADE SPIDER TOUR TORCHED PUTTER #9,0.25,2999,159,5.0,39.75
2026-06-28 20:56:20,WIN 2026 TITLEIST GTS £3K MEGA BUNDLE #10,0.79,8999,167,2.0,131.93
2026-06-28 20:56:20,"WIN 2026 TAYLORMADE QI4D WOODS (DRIVER, FW, HYBRID) #62",0.35,6999,99,1.0,34.65
2026-06-28 20:56:20,WIN MOTOCADDY M5 GPS #3,3.3,749,40,5.0,132.0
2026-06-28 20:56:20,WIN TAYLORMADE P790 IRONS (5-PW) #279,0.12,18999,475,3.0,57.0
2026-06-28 20:56:20,WIN NEW 2026 DRIVER #375,2.55,469,0,0.0,0.0
2026-06-28 20:56:20,WIN NEW 2026 DRIVER #374,0.65,1849,2,1.0,1.3
2026-06-28 20:56:20,WIN 2026 CALLAWAY QUANTUM MINI DRIVER #18,0.15,6999,0,0.0,0.0
2026-06-28 20:56:20,WIN CUSTOM MG5 BLACKOUT WEDGES W/KBS BLACK SHAFT #33,3.75,299,1,1.0,3.75
2026-06-28 20:56:20,WIN 2026 VOKEY SM11 CHROME WEDGES #42,0.55,2199,129,6.0,70.95
2026-06-28 20:56:20,WIN L.A.B OZ1I HS #6,2.2,529,4,1.0,8.8
2026-06-28 20:56:20,WIN 2026 TAYLORMADE SPIDER TOUR X TORCHED PUTTER #12,0.65,1149,32,3.0,20.8
2026-06-28 20:56:20,WIN 2026 FAIRWAY WOOD #98,0.75,1049,0,0.0,0.0
2026-06-28 20:56:20,WIN GARMIN S44 GPS #104,3.25,259,15,6.0,48.75
2026-06-28 20:56:20,WIN 4 DOZEN PROV1 GOLF BALLS #100,0.85,549,6,1.0,5.1
2026-06-28 20:56:20,WIN 2026 TAYLORMADE QI4D DRIVER #45,3.75,329,4,1.0,15.0
2026-06-28 20:56:20,WIN 2026 TAYLORMADE SPIDER TOUR X TORCHED PUTTER #13,0.25,2999,54,2.0,13.5
2026-06-28 20:56:20,WIN 2026 VOKEY SM11 CHROME WEDGES #43,0.55,2199,0,0.0,0.0
2026-06-28 20:56:20,WIN 2026 CALLAWAY QUANTUM MINI DRIVER #19,0.15,6999,50,1.0,7.5
2026-06-28 20:56:20,WIN 2026 PING G440 £3K MEGA BUNDLE #25,2.75,2599,1,1.0,2.75
2026-06-28 20:56:20,"WIN 2026 CALLAWAY QUANTUM WOODS (DRIVER, FW, HYBRID) #22",0.33,7999,48,1.0,15.84
2026-06-28 20:56:20,WIN 2026 TITLEIST SHORT GAME BLACK BUNDLE #5,0.25,8999,13,1.0,3.25
2026-06-28 20:56:20,WIN TAYLORMADE P790 IRONS (5-PW) #280,0.33,6999,19,1.0,6.27
2026-06-28 20:56:20,WIN NAVEE BIRDIE 3 REMOTE #29,2.2,899,7,1.0,15.4
2026-06-28 20:56:20,WIN NEW 2026 DRIVER #377,3.75,329,4,1.0,15.0
2026-06-28 20:56:20,WIN NEW 2026 DRIVER #376,0.65,1849,0,0.0,0.0
2026-06-28 20:56:20,WIN TAYLORMADE R7 QUAD MINI DRIVER #20,3.75,249,0,0.0,0.0
2026-06-28 20:56:20,WIN 2026 VOKEY SM11 JET BLACK WEDGES #38,3.75,329,5,2.0,18.75
2026-06-28 20:56:20,WIN TAYLORMADE MG5 CHROME WEDGES #80,0.35,2999,11,1.0,3.85
2026-06-28 20:56:20,WIN 2026 TAYLORMADE SPIDER TOUR TORCHED PUTTER #10,2.5,299,0,0.0,0.0
2026-06-28 20:56:20,WIN SCOTTY CAMERON STUDIO STYLE #132,0.65,1649,20,1.0,13.0
2026-06-28 20:56:20,WIN 2026 ODYSSEY AI DUAL SQ2SQ JAILBIRD #19,0.22,3299,25,1.0,5.5
2026-06-28 20:56:20,WIN TAYLORMADE P SERIES UDI #13,0.88,599,0,0.0,0.0
2026-06-28 20:56:20,WIN BUSHNELL TOUR V7 SHIFT #30,0.37,2799,11,1.0,4.07
2026-06-28 20:56:20,WIN SHOTSCOPE LM1 LAUNCH MONITOR #29,1.75,349,0,0.0,0.0
2026-06-28 20:56:20,WIN 4 DOZEN TAYLORMADE TP5 PIX #22,0.85,599,10,2.0,8.5
2026-06-28 20:56:20,WIN 2026 TITLEIST GTS DRIVER #13,0.39,3099,0,0.0,0.0
2026-06-28 20:56:20,WIN 2026 TAYLORMADE SPIDER TOUR TORCHED PUTTER #11,0.5,1499,8,1.0,4.0
2026-06-28 20:56:20,WIN TAYLORMADE MG5 CHROME WEDGES #81,3.75,299,0,0.0,0.0
2026-06-28 20:56:20,WIN 2026 ODYSSEY AI DUAL SQ2SQ JAILBIRD #21,0.22,3299,2,1.0,0.44
2026-06-28 20:56:20,WIN 2026 TAYLORMADE QI4D £3K BUNDLE #38,0.33,21999,60,1.0,19.8
2026-06-28 20:56:20,WIN 2026 TITLEIST GTS WOODS BUNDLE #4,3.75,799,0,0.0,0.0
2026-06-28 20:56:20,WIN PING SHORT GAME BUNDLE #4,0.37,4299,1,1.0,0.37
2026-06-28 20:56:20,WIN LTD EDITION TAYLORMADE P790 SHADOWFALL IRONS (5-PW) #12,3.75,699,1,1.0,3.75
2026-06-28 20:56:20,WIN POWAKADDY FX1 ELECTRIC TROLLEY #121,3.3,399,8,2.0,26.4
2026-06-28 20:56:20,WIN NEW 2026 DRIVER #379,1.75,699,0,0.0,0.0
2026-06-28 20:56:20,WIN NEW 2026 DRIVER #378,0.33,3599,0,0.0,0.0
2026-06-28 20:56:20,WIN TITLEIST GT280 MINI DRIVER (RH STIFF) #8,3.75,299,0,0.0,0.0
2026-06-28 20:56:20,WIN 2026 VOKEY SM11 NICKEL WEDGES #45,0.55,2199,5,1.0,2.75
2026-06-28 20:56:20,WIN CUSTOM MG5 BLACKOUT WEDGES W/KBS BLACK SHAFT #34,3.75,299,1,1.0,3.75
2026-06-28 20:56:20,WIN 2026 TAYLORMADE SPIDER TOUR X TORCHED PUTTER #14,0.37,199,21,11.0,7.77
2026-06-28 20:56:20,WIN TAYLORMADE SPIDER 5K ZT PUTTER #81,0.37,2999,0,0.0,0.0
2026-06-28 20:56:20,WIN SCOTTY CAMERON PHANTOM #31,0.75,1499,24,2.0,18.0
2026-06-28 20:56:20,WIN GARMIN Z30 RANGEFINDER #9,0.66,1249,0,0.0,0.0
2026-06-28 20:56:20,WIN CALLAWAY FAIRWAY C HD BLACK CAMO STAND #2,0.65,699,0,0.0,0.0
2026-06-28 20:56:20,WIN 4 DOZEN PROV1X #85,0.75,699,5,1.0,3.75
2026-06-28 20:56:20,WIN 2026 TAYLORMADE SPIDER TOUR X TORCHED PUTTER #15,0.25,2999,1,1.0,0.25
2026-06-28 20:56:20,WIN 2026 TAYLORMADE QI4D DRIVER #46,0.17,329,52,16.0,8.84
2026-06-28 20:56:20,WIN 2026 VOKEY SM11 CHROME WEDGES #44,0.12,9999,89,1.0,10.68
2026-06-28 20:56:20,WIN 2026 TITLEIST GTS £3K MEGA BUNDLE #11,0.17,43999,65,1.0,11.05
2026-06-28 20:56:20,"WIN 2026 TAYLORMADE QI4D WOODS (DRIVER, FW, HYBRID) #63",0.7,3499,0,0.0,0.0
2026-06-28 20:56:20,WIN MOTOCADDY SE #4,0.7,3999,20,1.0,14.0
2026-06-28 20:56:20,WIN TAYLORMADE P790 IRONS (5-PW) #281,3.75,599,0,0.0,0.0
2026-06-28 20:56:20,WIN NEW 2026 DRIVER #381,3.75,329,0,0.0,0.0
2026-06-28 20:56:20,WIN NEW 2026 DRIVER #380,0.1,11999,43,1.0,4.3
2026-06-28 20:56:20,WIN 2026 FAIRWAY WOOD #99,0.75,1049,10,1.0,7.5
2026-06-28 20:56:20,WIN TAYLORMADE P SERIES UDI #14,0.22,2399,0,0.0,0.0
2026-06-28 20:56:20,WIN TAYLORMADE MG5 CHROME WEDGES #82,0.37,2999,0,0.0,0.0
2026-06-28 20:56:20,WIN 2026 VOKEY SM11 JET BLACK WEDGES #46,3.75,329,0,0.0,0.0
2026-06-28 20:56:20,WIN 2026 TAYLORMADE SPIDER TOUR TORCHED PUTTER #12,3.75,199,0,0.0,0.0
2026-06-28 20:56:20,WIN TAYLORMADE SPIDER TOUR BLACK PUTTER #146,0.22,2999,16,1.0,3.52
2026-06-28 20:56:20,WIN SHOTSCOPE LM1 LAUNCH MONITOR #30,3.49,179,0,0.0,0.0
2026-06-28 20:56:20,WIN 2026 TAYLORMADE QI4D STAFF STAND #5,0.17,5399,68,1.0,11.56
2026-06-28 20:56:20,WIN 4 DOZEN PROV1 GOLF BALLS #101,0.44,1049,13,1.0,5.72
2026-06-28 20:56:20,WIN TAG HEUER CONNECTED CALIBRE E5 X TAYLORMADE EDITION #1,0.25,19999,25,1.0,6.25
2026-06-28 20:56:20,WIN 2026 TAYLORMADE £7.5K MEGA BUNDLE #37,0.66,23999,0,0.0,0.0
2026-06-28 20:56:20,WIN 2026 TITLEIST SHORT GAME CHROME BUNDLE #6,2.55,899,0,0.0,0.0
2026-06-28 20:56:20,WIN 2026 PING G440 K WOODS BUNDLE #45,0.69,3999,0,0.0,0.0
2026-06-28 20:56:20,WIN POWAKADDY RX REMOTE #8,0.33,6999,0,0.0,0.0
2026-06-28 20:56:20,WIN TITLEIST T SERIES IRONS 5-PW #56,0.12,19999,0,0.0,0.0
2026-06-28 20:56:20,WIN LTD EDITION TAYLORMADE P790 SHADOWFALL IRONS (5-PW) #13,0.65,3999,0,0.0,0.0
2026-06-28 20:56:20,WIN NEW 2026 DRIVER #384,3.75,329,0,0.0,0.0
2026-06-28 20:56:20,WIN NEW 2026 DRIVER #383,0.33,3599,0,0.0,0.0
2026-06-28 20:56:20,WIN NEW 2026 DRIVER #382,0.07,16999,0,0.0,0.0
2026-06-28 20:56:20,WIN 2026 CALLAWAY QUANTUM MINI DRIVER #20,0.77,1299,0,0.0,0.0
2026-06-28 20:56:20,"WIN TAYLORMADE MG5 RED BULL WEDGES (52,56,60) #1",0.19,9999,0,0.0,0.0
2026-06-28 20:56:20,WIN 2026 VOKEY SM11 NICKEL WEDGES #46,0.55,2199,0,0.0,0.0
2026-06-28 20:56:20,WIN 2026 TAYLORMADE SPIDER TOUR X TORCHED PUTTER #16,2.5,299,0,0.0,0.0
2026-06-28 20:56:20,WIN SCOTTY CAMERON STUDIO STYLE #134,0.12,8999,0,0.0,0.0
2026-06-28 20:56:20,WIN 2026 ODYSSEY AI DUAL SQ2SQ JAILBIRD #20,0.22,3299,0,0.0,0.0
2026-06-28 20:56:20,WIN BUSHNELL TOUR V7 SHIFT #31,3.7,279,0,0.0,0.0
2026-06-28 20:56:20,WIN SHOTSCOPE LM1 LAUNCH MONITOR #31,1.75,349,0,0.0,0.0
2026-06-28 20:56:20,WIN CALLAWAY FAIRWAY C HD BLACK CAMO STAND #3,0.65,699,0,0.0,0.0
2026-06-28 20:56:20,WIN 4 DOZEN TAYLORMADE TP5 PIX #23,0.85,599,0,0.0,0.0
2026-07-01 21:22:34,"WIN ASTON MARTIN DB11 4.0 V8 OR £70,000 TAX FREE CASH #1",0.79,205999,5468,3.0,4319.72
2026-07-01 21:22:34,HUGE JULY INSTANT WIN – 4000 INSTANT WIN PRIZES WORTH £400K #1,2.75,299999,6514,2.0,17913.5
2026-07-01 21:22:34,"PHIL’S FLIP & WIN – 35,000 INSTANT WINS WORTH OVER £250K #1",7.5,70000,5896,8.0,44220.0
2026-07-01 21:22:34,WIN TAG HEUER CONNECTED CALIBRE E5 X TAYLORMADE EDITION #1,0.25,19999,9582,48.0,2395.5
2026-07-01 21:22:34,WIN 2026 TAYLORMADE QI4D DRIVER #45,3.75,329,65,20.0,243.75
2026-07-01 21:22:34,WIN 2026 TAYLORMADE SPIDER TOUR X TORCHED PUTTER #13,0.25,2999,899,30.0,224.75
2026-07-01 21:22:34,WIN 2026 VOKEY SM11 CHROME WEDGES #43,0.55,2199,253,12.0,139.15
2026-07-01 21:22:34,WIN 2026 CALLAWAY QUANTUM MINI DRIVER #19,0.15,6999,664,9.0,99.6
2026-07-01 21:22:34,WIN 2026 PING G440 £3K MEGA BUNDLE #25,2.75,2599,160,6.0,440.0
2026-07-01 21:22:34,"WIN 2026 CALLAWAY QUANTUM WOODS (DRIVER, FW, HYBRID) #22",0.33,7999,345,4.0,113.85
2026-07-01 21:22:34,WIN 2026 TITLEIST SHORT GAME BLACK BUNDLE #5,0.25,8999,445,5.0,111.25
2026-07-01 21:22:34,WIN TAYLORMADE P790 IRONS (5-PW) #280,0.33,6999,499,7.0,164.67
2026-07-01 21:22:34,WIN NAVEE BIRDIE 3 REMOTE #29,2.2,899,122,14.0,268.4
2026-07-01 21:22:34,WIN NEW 2026 DRIVER #377,3.75,329,21,6.0,78.75
2026-07-01 21:22:34,WIN NEW 2026 DRIVER #376,0.65,1849,142,8.0,92.3
2026-07-01 21:22:34,WIN TAYLORMADE R7 QUAD MINI DRIVER #20,3.75,249,19,8.0,71.25
2026-07-01 21:22:34,WIN 2026 VOKEY SM11 JET BLACK WEDGES #38,3.75,329,30,9.0,112.5
2026-07-01 21:22:34,WIN TAYLORMADE MG5 CHROME WEDGES #80,0.35,2999,215,7.0,75.25
2026-07-01 21:22:34,WIN 2026 TAYLORMADE SPIDER TOUR TORCHED PUTTER #10,2.5,299,52,17.0,130.0
2026-07-01 21:22:34,WIN SCOTTY CAMERON STUDIO STYLE #132,0.65,1649,170,10.0,110.5
2026-07-01 21:22:34,WIN 2026 ODYSSEY AI DUAL SQ2SQ JAILBIRD #19,0.22,3299,349,11.0,76.78
2026-07-01 21:22:34,WIN TAYLORMADE P SERIES UDI #13,0.88,599,46,8.0,40.48
2026-07-01 21:22:34,WIN BUSHNELL TOUR V7 SHIFT #30,0.37,2799,362,13.0,133.94
2026-07-01 21:22:34,WIN SHOTSCOPE LM1 LAUNCH MONITOR #29,1.75,349,8,2.0,14.0
2026-07-01 21:22:34,WIN 4 DOZEN TAYLORMADE TP5 PIX #22,0.85,599,82,14.0,69.7
2026-07-01 21:22:34,WIN ROLEX BLUESY SUBMARINER + CUSTOM SCOTTY OR £10K TAX FREE CASH #2,0.55,39999,1805,5.0,992.75
2026-07-01 21:22:34,WIN 2026 TITLEIST GTS DRIVER #13,0.39,3099,5,1.0,1.95
2026-07-01 21:22:34,WIN 2026 TAYLORMADE SPIDER TOUR TORCHED PUTTER #11,0.5,1499,30,2.0,15.0
2026-07-01 21:22:34,WIN TAYLORMADE MG5 CHROME WEDGES #81,3.75,299,5,2.0,18.75
2026-07-01 21:22:34,WIN 2026 ODYSSEY AI DUAL SQ2SQ JAILBIRD #21,0.22,3299,33,1.0,7.26
2026-07-01 21:22:34,WIN 2026 TAYLORMADE QI4D £3K BUNDLE #38,0.33,21999,413,2.0,136.29
2026-07-01 21:22:34,WIN 2026 TITLEIST GTS WOODS BUNDLE #4,3.75,799,24,3.0,90.0
2026-07-01 21:22:34,WIN PING SHORT GAME BUNDLE #4,0.37,4299,12,1.0,4.44
2026-07-01 21:22:34,WIN LTD EDITION TAYLORMADE P790 SHADOWFALL IRONS (5-PW) #12,3.75,699,40,6.0,150.0
2026-07-01 21:22:34,WIN POWAKADDY FX1 ELECTRIC TROLLEY #121,3.3,399,11,3.0,36.3
2026-07-01 21:22:34,WIN NEW 2026 DRIVER #379,1.75,699,0,0.0,0.0
2026-07-01 21:22:34,WIN NEW 2026 DRIVER #378,0.33,3599,1,1.0,0.33
2026-07-01 21:22:34,WIN TITLEIST GT280 MINI DRIVER (RH STIFF) #8,3.75,299,16,5.0,60.0
2026-07-01 21:22:34,WIN 2026 VOKEY SM11 NICKEL WEDGES #45,0.55,2199,11,1.0,6.05
2026-07-01 21:22:34,WIN CUSTOM MG5 BLACKOUT WEDGES W/KBS BLACK SHAFT #34,3.75,299,5,1.0,18.75
2026-07-01 21:22:34,WIN 2026 TAYLORMADE SPIDER TOUR X TORCHED PUTTER #14,0.37,199,199,100.0,73.63
2026-07-01 21:22:34,WIN TAYLORMADE SPIDER 5K ZT PUTTER #81,0.37,2999,59,2.0,21.83
2026-07-01 21:22:34,WIN SCOTTY CAMERON PHANTOM #31,0.75,1499,26,2.0,19.5
2026-07-01 21:22:34,WIN GARMIN Z30 RANGEFINDER #9,0.66,1249,7,1.0,4.62
2026-07-01 21:22:34,WIN CALLAWAY FAIRWAY C HD BLACK CAMO STAND #2,0.65,699,41,6.0,26.65
2026-07-01 21:22:34,WIN 4 DOZEN PROV1X #85,0.75,699,64,9.0,48.0
2026-07-01 21:22:34,WIN 2026 TAYLORMADE SPIDER TOUR X TORCHED PUTTER #15,0.25,2999,7,1.0,1.75
2026-07-01 21:22:34,WIN 2026 TAYLORMADE QI4D DRIVER #46,0.17,329,329,100.0,55.93
2026-07-01 21:22:34,WIN 2026 VOKEY SM11 CHROME WEDGES #44,0.12,9999,128,1.0,15.36
2026-07-01 21:22:34,WIN 1000 TICKETS INTO 7.5K MEGA BUNDLE COMP #39,0.89,749,19,3.0,16.91
2026-07-01 21:22:34,WIN 2026 TITLEIST GTS £3K MEGA BUNDLE #11,0.17,43999,555,1.0,94.35
2026-07-01 21:22:34,"WIN 2026 TAYLORMADE QI4D WOODS (DRIVER, FW, HYBRID) #63",0.7,3499,3,1.0,2.1
2026-07-01 21:22:34,WIN MOTOCADDY SE #4,0.7,3999,43,1.0,30.1
2026-07-01 21:22:34,WIN TAYLORMADE P790 IRONS (5-PW) #281,3.75,599,0,0.0,0.0
2026-07-01 21:22:34,WIN NEW 2026 DRIVER #381,3.75,329,0,0.0,0.0
2026-07-01 21:22:34,WIN NEW 2026 DRIVER #380,0.1,11999,58,1.0,5.8
2026-07-01 21:22:34,WIN 2026 FAIRWAY WOOD #99,0.75,1049,10,1.0,7.5
2026-07-01 21:22:34,WIN TAYLORMADE P SERIES UDI #14,0.22,2399,92,4.0,20.24
2026-07-01 21:22:34,WIN TAYLORMADE MG5 CHROME WEDGES #83,0.37,2999,0,0.0,0.0
2026-07-01 21:22:34,WIN 2026 VOKEY SM11 JET BLACK WEDGES #46,3.75,329,0,0.0,0.0
2026-07-01 21:22:34,WIN 2026 TAYLORMADE SPIDER TOUR TORCHED PUTTER #12,3.75,199,0,0.0,0.0
2026-07-01 21:22:34,WIN TAYLORMADE SPIDER TOUR BLACK PUTTER #146,0.22,2999,26,1.0,5.72
2026-07-01 21:22:34,WIN SHOTSCOPE LM1 LAUNCH MONITOR #30,3.49,179,0,0.0,0.0
2026-07-01 21:22:34,WIN 2026 TAYLORMADE QI4D STAFF STAND #5,0.17,5399,243,5.0,41.31
2026-07-01 21:22:34,WIN 4 DOZEN PROV1 GOLF BALLS #101,0.44,1049,14,1.0,6.16
2026-07-01 21:22:34,WIN 1000 TICKETS INTO 7.5K MEGA BUNDLE COMP #40,1.49,449,34,8.0,50.66
2026-07-01 21:22:34,WIN 2026 TAYLORMADE £7.5K MEGA BUNDLE #37,0.66,23999,395,2.0,260.7
2026-07-01 21:22:34,WIN 2026 TITLEIST SHORT GAME CHROME BUNDLE #6,2.55,899,5,1.0,12.75
2026-07-01 21:22:34,WIN 2026 PING G440 K WOODS BUNDLE #45,0.69,3999,22,1.0,15.18
2026-07-01 21:22:34,WIN POWAKADDY RX REMOTE #8,0.33,6999,182,3.0,60.06
2026-07-01 21:22:34,WIN TITLEIST T SERIES IRONS 5-PW #56,0.12,19999,450,2.0,54.0
2026-07-01 21:22:34,WIN LTD EDITION TAYLORMADE P790 SHADOWFALL IRONS (5-PW) #13,0.65,3999,20,1.0,13.0
2026-07-01 21:22:34,WIN NEW 2026 DRIVER #384,3.75,329,0,0.0,0.0
2026-07-01 21:22:34,WIN NEW 2026 DRIVER #383,0.33,3599,1,1.0,0.33
2026-07-01 21:22:34,WIN NEW 2026 DRIVER #382,0.07,16999,56,1.0,3.92
2026-07-01 21:22:34,WIN 2026 CALLAWAY QUANTUM MINI DRIVER #20,0.77,1299,0,0.0,0.0
2026-07-01 21:22:34,"WIN TAYLORMADE MG5 RED BULL WEDGES (52,56,60) #1",0.19,9999,245,2.0,46.55
2026-07-01 21:22:34,WIN 2026 VOKEY SM11 NICKEL WEDGES #46,0.55,2199,2,1.0,1.1
2026-07-01 21:22:34,WIN 2026 TAYLORMADE SPIDER TOUR X TORCHED PUTTER #16,2.5,299,0,0.0,0.0
2026-07-01 21:22:34,WIN SCOTTY CAMERON STUDIO STYLE #134,0.12,8999,6,1.0,0.72
2026-07-01 21:22:34,WIN 2026 ODYSSEY AI DUAL SQ2SQ JAILBIRD #20,0.22,3299,0,0.0,0.0
2026-07-01 21:22:34,WIN BUSHNELL TOUR V7 SHIFT #31,3.7,279,2,1.0,7.4
2026-07-01 21:22:34,WIN SHOTSCOPE LM1 LAUNCH MONITOR #31,1.75,349,4,1.0,7.0
2026-07-01 21:22:34,WIN CALLAWAY FAIRWAY C HD BLACK CAMO STAND #3,0.65,699,5,1.0,3.25
2026-07-01 21:22:34,WIN 4 DOZEN TAYLORMADE TP5 PIX #23,0.85,599,4,1.0,3.4
2026-07-01 21:22:34,WIN 2026 TAYLORMADE SPIDER TOUR TORCHED PUTTER #13,3.75,199,0,0.0,0.0
2026-07-01 21:22:34,WIN 2026 VOKEY SM11 NICKEL WEDGES #47,0.55,2199,0,0.0,0.0
2026-07-01 21:22:34,1000 TICKETS INTO ASTON MARTIN COMP #1,0.14,5999,131,2.0,18.34
2026-07-01 21:22:34,WIN 2026 TAYLORMADE QI4D DRIVER #47,0.75,1599,0,0.0,0.0
2026-07-01 21:22:34,WIN 2026 TAYLORMADE QI4D WOODS & P790 IRONS #43,3.75,1199,6,1.0,22.5
2026-07-01 21:22:34,WIN 2026 TITLEIST GTS WOODS BUNDLE #5,0.37,7999,16,1.0,5.92
2026-07-01 21:22:34,WIN MIZUNO JPX925 FORGED IRONS (5-PW) #1,0.15,18999,202,1.0,30.3
2026-07-01 21:22:34,WIN NAVEE BIRDIE 3 REMOTE #30,0.22,8999,130,1.0,28.6
2026-07-01 21:22:34,WIN NEW 2026 DRIVER #386,2.55,469,0,0.0,0.0
2026-07-01 21:22:34,WIN NEW 2026 DRIVER #385,0.65,1849,0,0.0,0.0
2026-07-01 21:22:34,WIN TAYLORMADE R7 QUAD MINI DRIVER #21,3.75,249,2,1.0,7.5
2026-07-01 21:22:34,WIN CUSTOM MG5 BLACKOUT WEDGES W/KBS BLACK SHAFT #35,3.75,329,0,0.0,0.0
2026-07-01 21:22:34,WIN 2026 VOKEY SM11 CHROME WEDGES #45,0.55,2199,0,0.0,0.0
2026-07-01 21:22:34,WIN 2026 TAYLORMADE SPIDER TOUR X TORCHED PUTTER #17,0.25,2999,11,1.0,2.75
2026-07-01 21:22:34,WIN TAYLORMADE SPIDER 5K ZT PUTTER #82,3.75,299,0,0.0,0.0
2026-07-01 21:22:34,WIN GARMIN Z30 RANGEFINDER #10,0.66,1249,2,1.0,1.32
2026-07-01 21:22:34,WIN TITLEIST PLAYERS S4 #6,0.55,799,12,2.0,6.6
2026-07-01 21:22:34,WIN 4 DOZEN PROV1X #86,0.75,699,0,0.0,0.0
2026-07-01 21:22:34,WIN CALLAWAY OPUS SP BRUSHED CHROME WEDGES #7,0.45,2499,5,1.0,2.25
2026-07-01 21:22:34,WIN 2026 TAYLORMADE SPIDER TOUR X TORCHED PUTTER #18,2.5,299,0,0.0,0.0
2026-07-01 21:22:34,WIN 2026 TITLEIST GTS DRIVER #14,0.39,3099,0,0.0,0.0
2026-07-01 21:22:34,500 TICKETS INTO ROLEX BLUESY COMP #1,0.14,2499,238,10.0,33.32
2026-07-01 21:22:34,WIN 2026 PING G440 £3K MEGA BUNDLE #26,2.75,2599,1,1.0,2.75
2026-07-01 21:22:34,"WIN 2026 TAYLORMADE QI4D WOODS (DRIVER, FW, HYBRID) #64",0.7,3499,3,1.0,2.1
2026-07-01 21:22:34,WIN 2026 TITLEIST SHORT GAME CHROME BUNDLE #7,0.25,8999,0,0.0,0.0
2026-07-01 21:22:34,WIN TAYLORMADE P790 IRONS (5-PW) #282,3.75,599,0,0.0,0.0
2026-07-01 21:22:34,WIN POWAKADDY FX1 ELECTRIC TROLLEY #122,0.66,1999,3,1.0,1.98
2026-07-01 21:22:34,WIN NEW 2026 DRIVER #389,2.55,469,0,0.0,0.0
2026-07-01 21:22:34,WIN NEW 2026 DRIVER #388,0.65,1849,0,0.0,0.0
2026-07-01 21:22:34,WIN NEW 2026 DRIVER #387,0.1,11999,72,1.0,7.2
2026-07-01 21:22:34,WIN 2026 VOKEY SM11 JET BLACK WEDGES #47,1.72,699,0,0.0,0.0
2026-07-01 21:22:34,WIN TAYLORMADE MG5 CHROME WEDGES #84,0.17,6599,0,0.0,0.0
2026-07-01 21:22:34,WIN 2026 TAYLORMADE SPIDER TOUR TORCHED PUTTER #14,0.25,2999,0,0.0,0.0
2026-07-01 21:22:34,WIN 2026 ODYSSEY DAMASCUS MILLED #13,0.35,3099,3,1.0,1.05
2026-07-01 21:22:34,WIN 2026 LAB VZN.1I PUTTER #2,3.75,329,1,1.0,3.75
2026-07-01 21:22:34,WIN TAYLORMADE P SERIES UDI #15,0.44,1199,0,0.0,0.0
2026-07-01 21:22:34,WIN GARMIN S44 GPS #105,3.25,259,0,0.0,0.0
2026-07-01 21:22:34,WIN SHOTSCOPE PRO L5 RANGEFINDER #5,0.65,899,0,0.0,0.0
2026-07-01 21:22:34,WIN CALLAWAY FAIRWAY C HD BLACK CAMO STAND #4,0.35,1299,0,0.0,0.0
2026-07-01 21:22:34,WIN 4 DOZEN TAYLORMADE TP5 PIX #24,0.85,599,0,0.0,0.0
2026-07-01 21:22:34,1000 TICKETS INTO ASTON MARTIN COMP #2,3.75,225,0,0.0,0.0
2026-07-01 21:22:34,WIN 2026 PING G440K DRIVER #34,0.75,1699,0,0.0,0.0
2026-07-01 21:22:34,WIN TAYLORMADE MG5 CHROME WEDGES #85,0.17,6599,0,0.0,0.0
2026-07-01 21:22:34,WIN 2026 TAYLORMADE SPIDER TOUR TORCHED PUTTER #15,0.25,2999,0,0.0,0.0
2026-07-01 21:22:34,WIN 2026 TAYLORMADE QI4D WOODS & P790 IRONS #44,0.37,11999,16,1.0,5.92
2026-07-01 21:22:34,WIN 2026 PING G440 K WOODS BUNDLE #46,3.75,699,0,0.0,0.0
2026-07-01 21:22:34,WIN MOTOCADDY SE #6,0.35,3999,40,1.0,14.0
2026-07-01 21:22:34,WIN LTD EDITION TAYLORMADE P790 SHADOWFALL IRONS (5-PW) #14,3.75,699,0,0.0,0.0
2026-07-01 21:22:34,WIN NEW 2026 DRIVER #391,2.55,469,0,0.0,0.0
2026-07-01 21:22:34,WIN NEW 2026 DRIVER #390,0.65,1849,0,0.0,0.0
2026-07-01 21:22:34,WIN 2026 CALLAWAY QUANTUM MINI DRIVER #21,0.15,6999,0,0.0,0.0
2026-07-01 21:22:34,WIN CUSTOM MG5 BLACKOUT WEDGES W/KBS BLACK SHAFT #36,0.55,2199,0,0.0,0.0
2026-07-01 21:22:34,WIN 2026 VOKEY SM11 CHROME WEDGES #46,3.75,329,0,0.0,0.0
2026-07-01 21:22:34,WIN SCOTTY CAMERON STUDIO STYLE #135,0.12,8999,0,0.0,0.0
2026-07-01 21:22:34,WIN 2026 TAYLORMADE SPIDER TOUR X TORCHED PUTTER #19,3.75,199,0,0.0,0.0
2026-07-01 21:22:34,WIN SHOTSCOPE LM1 LAUNCH MONITOR #32,1.75,349,0,0.0,0.0
2026-07-01 21:22:34,WIN 2026 TAYLORMADE QI4D STAFF STAND #6,0.17,5399,0,0.0,0.0
2026-07-01 21:22:34,WIN 4 DOZEN PROV1 GOLF BALLS #102,0.85,549,0,0.0,0.0
